-- phpMyAdmin SQL Dump
-- version 4.7.0
-- https://www.phpmyadmin.net/
--
-- Servidor: localhost
-- Tiempo de generación: 15-04-2018 a las 01:29:36
-- Versión del servidor: 10.1.25-MariaDB
-- Versión de PHP: 5.6.31

SET SQL_MODE = "NO_AUTO_VALUE_ON_ZERO";
SET AUTOCOMMIT = 0;
START TRANSACTION;
SET time_zone = "+00:00";


/*!40101 SET @OLD_CHARACTER_SET_CLIENT=@@CHARACTER_SET_CLIENT */;
/*!40101 SET @OLD_CHARACTER_SET_RESULTS=@@CHARACTER_SET_RESULTS */;
/*!40101 SET @OLD_COLLATION_CONNECTION=@@COLLATION_CONNECTION */;
/*!40101 SET NAMES utf8mb4 */;

--
-- Base de datos: `DB_MOA`
--

-- --------------------------------------------------------

--
-- Estructura de tabla para la tabla `AUDIT_USER`
--

CREATE TABLE `AUDIT_USER` (
  `ID_AUDIT_USER` int(11) NOT NULL,
  `ID_USER_OLD` int(11) DEFAULT NULL,
  `ID_USER_NEW` int(11) DEFAULT NULL,
  `NAME_USER_OLD` varchar(100) DEFAULT NULL,
  `NAME_USER_NEW` varchar(100) DEFAULT NULL,
  `LASTNAME1_USER_OLD` varchar(100) DEFAULT NULL,
  `LASTNAME1_USER_NEW` varchar(100) DEFAULT NULL,
  `LASTNAME2_USER_OLD` varchar(100) DEFAULT NULL,
  `LASTNAME2_USER_NEW` varchar(100) DEFAULT NULL,
  `PIC_USER_OLD` longblob,
  `PIC_USER_NEW` longblob,
  `CITY_USER_OLD` varchar(100) DEFAULT NULL,
  `CITY_USER_NEW` varchar(100) DEFAULT NULL,
  `STATE_USER_OLD` varchar(100) DEFAULT NULL,
  `STATE_USER_NEW` varchar(100) DEFAULT NULL,
  `COUNTRY_USER_OLD` varchar(100) DEFAULT NULL,
  `COUNTRY_USER_NEW` varchar(100) DEFAULT NULL,
  `EMAIL_USER_OLD` varchar(200) DEFAULT NULL,
  `EMAIL_USER_NEW` varchar(200) DEFAULT NULL,
  `PHONE_USER_OLD` varchar(100) DEFAULT NULL,
  `PHONE_USER_NEW` varchar(100) DEFAULT NULL,
  `USERNAME_USER_OLD` varchar(64) DEFAULT NULL,
  `USERNAME_USER_NEW` varchar(64) DEFAULT NULL,
  `USERPASS_USER_OLD` char(64) DEFAULT NULL,
  `USERPASS_USER_NEW` char(64) DEFAULT NULL,
  `ADMIN_USER_OLD` int(11) DEFAULT NULL,
  `ADMIN_USER_NEW` int(11) DEFAULT NULL,
  `STATUS_USER_OLD` int(11) DEFAULT NULL,
  `STATUS_USER_NEW` int(11) DEFAULT NULL,
  `LAST_CONNECTION_USER_OLD` timestamp NULL DEFAULT CURRENT_TIMESTAMP ON UPDATE CURRENT_TIMESTAMP,
  `LAST_CONNECTION_USER_NEW` timestamp NULL DEFAULT CURRENT_TIMESTAMP,
  `IP_LAST_CONNECTION_USER_OLD` varchar(100) DEFAULT NULL,
  `IP_LAST_CONNECTION_USER_NEW` varchar(100) DEFAULT NULL,
  `TYPE_AUDIT_USER` varchar(100) DEFAULT NULL
) ENGINE=InnoDB DEFAULT CHARSET=latin1;

-- --------------------------------------------------------

--
-- Estructura de tabla para la tabla `communes`
--

CREATE TABLE `communes` (
  `id` int(11) UNSIGNED NOT NULL,
  `name` varchar(255) NOT NULL DEFAULT '',
  `region_id` int(11) UNSIGNED DEFAULT NULL
) ENGINE=InnoDB DEFAULT CHARSET=utf8;

--
-- Volcado de datos para la tabla `communes`
--

INSERT INTO `communes` (`id`, `name`, `region_id`) VALUES
(1, 'Arica', 1),
(2, 'Camarones', 1),
(3, 'General Lagos', 1),
(4, 'Putre', 1),
(5, 'Alto Hospicio', 2),
(6, 'Iquique', 2),
(7, 'Camiña', 2),
(8, 'Colchane', 2),
(9, 'Huara', 2),
(10, 'Pica', 2),
(11, 'Pozo Almonte', 2),
(12, 'Antofagasta', 3),
(13, 'Mejillones', 3),
(14, 'Sierra Gorda', 3),
(15, 'Taltal', 3),
(16, 'Calama', 3),
(17, 'Ollague', 3),
(18, 'San Pedro de Atacama', 3),
(19, 'María Elena', 3),
(20, 'Tocopilla', 3),
(21, 'Chañaral', 4),
(22, 'Diego de Almagro', 4),
(23, 'Caldera', 4),
(24, 'Copiapó', 4),
(25, 'Tierra Amarilla', 4),
(26, 'Alto del Carmen', 4),
(27, 'Freirina', 4),
(28, 'Huasco', 4),
(29, 'Vallenar', 4),
(30, 'Canela', 5),
(31, 'Illapel', 5),
(32, 'Los Vilos', 5),
(33, 'Salamanca', 5),
(34, 'Andacollo', 5),
(35, 'Coquimbo', 5),
(36, 'La Higuera', 5),
(37, 'La Serena', 5),
(38, 'Paihuaco', 5),
(39, 'Vicuña', 5),
(40, 'Combarbalá', 5),
(41, 'Monte Patria', 5),
(42, 'Ovalle', 5),
(43, 'Punitaqui', 5),
(44, 'Río Hurtado', 5),
(45, 'Isla de Pascua', 6),
(46, 'Calle Larga', 6),
(47, 'Los Andes', 6),
(48, 'Rinconada', 6),
(49, 'San Esteban', 6),
(50, 'La Ligua', 6),
(51, 'Papudo', 6),
(52, 'Petorca', 6),
(53, 'Zapallar', 6),
(54, 'Hijuelas', 6),
(55, 'La Calera', 6),
(56, 'La Cruz', 6),
(57, 'Limache', 6),
(58, 'Nogales', 6),
(59, 'Olmué', 6),
(60, 'Quillota', 6),
(61, 'Algarrobo', 6),
(62, 'Cartagena', 6),
(63, 'El Quisco', 6),
(64, 'El Tabo', 6),
(65, 'San Antonio', 6),
(66, 'Santo Domingo', 6),
(67, 'Catemu', 6),
(68, 'Llaillay', 6),
(69, 'Panquehue', 6),
(70, 'Putaendo', 6),
(71, 'San Felipe', 6),
(72, 'Santa María', 6),
(73, 'Casablanca', 6),
(74, 'Concón', 6),
(75, 'Juan Fernández', 6),
(76, 'Puchuncaví', 6),
(77, 'Quilpué', 6),
(78, 'Quintero', 6),
(79, 'Valparaíso', 6),
(80, 'Villa Alemana', 6),
(81, 'Viña del Mar', 6),
(82, 'Colina', 7),
(83, 'Lampa', 7),
(84, 'Tiltil', 7),
(85, 'Pirque', 7),
(86, 'Puente Alto', 7),
(87, 'San José de Maipo', 7),
(88, 'Buin', 7),
(89, 'Calera de Tango', 7),
(90, 'Paine', 7),
(91, 'San Bernardo', 7),
(92, 'Alhué', 7),
(93, 'Curacaví', 7),
(94, 'María Pinto', 7),
(95, 'Melipilla', 7),
(96, 'San Pedro', 7),
(97, 'Cerrillos', 7),
(98, 'Cerro Navia', 7),
(99, 'Conchalí', 7),
(100, 'El Bosque', 7),
(101, 'Estación Central', 7),
(102, 'Huechuraba', 7),
(103, 'Independencia', 7),
(104, 'La Cisterna', 7),
(105, 'La Granja', 7),
(106, 'La Florida', 7),
(107, 'La Pintana', 7),
(108, 'La Reina', 7),
(109, 'Las Condes', 7),
(110, 'Lo Barnechea', 7),
(111, 'Lo Espejo', 7),
(112, 'Lo Prado', 7),
(113, 'Macul', 7),
(114, 'Maipú', 7),
(115, 'Ñuñoa', 7),
(116, 'Pedro Aguirre Cerda', 7),
(117, 'Peñalolén', 7),
(118, 'Providencia', 7),
(119, 'Pudahuel', 7),
(120, 'Quilicura', 7),
(121, 'Quinta Normal', 7),
(122, 'Recoleta', 7),
(123, 'Renca', 7),
(124, 'San Miguel', 7),
(125, 'San Joaquín', 7),
(126, 'San Ramón', 7),
(127, 'Santiago', 7),
(128, 'Vitacura', 7),
(129, 'El Monte', 7),
(130, 'Isla de Maipo', 7),
(131, 'Padre Hurtado', 7),
(132, 'Peñaflor', 7),
(133, 'Talagante', 7),
(134, 'Codegua', 8),
(135, 'Coínco', 8),
(136, 'Coltauco', 8),
(137, 'Doñihue', 8),
(138, 'Graneros', 8),
(139, 'Las Cabras', 8),
(140, 'Machalí', 8),
(141, 'Malloa', 8),
(142, 'Mostazal', 8),
(143, 'Olivar', 8),
(144, 'Peumo', 8),
(145, 'Pichidegua', 8),
(146, 'Quinta de Tilcoco', 8),
(147, 'Rancagua', 8),
(148, 'Rengo', 8),
(149, 'Requínoa', 8),
(150, 'San Vicente de Tagua Tagua', 8),
(151, 'La Estrella', 8),
(152, 'Litueche', 8),
(153, 'Marchihue', 8),
(154, 'Navidad', 8),
(155, 'Peredones', 8),
(156, 'Pichilemu', 8),
(157, 'Chépica', 8),
(158, 'Chimbarongo', 8),
(159, 'Lolol', 8),
(160, 'Nancagua', 8),
(161, 'Palmilla', 8),
(162, 'Peralillo', 8),
(163, 'Placilla', 8),
(164, 'Pumanque', 8),
(165, 'San Fernando', 8),
(166, 'Santa Cruz', 8),
(167, 'Cauquenes', 9),
(168, 'Chanco', 9),
(169, 'Pelluhue', 9),
(170, 'Curicó', 9),
(171, 'Hualañé', 9),
(172, 'Licantén', 9),
(173, 'Molina', 9),
(174, 'Rauco', 9),
(175, 'Romeral', 9),
(176, 'Sagrada Familia', 9),
(177, 'Teno', 9),
(178, 'Vichuquén', 9),
(179, 'Colbún', 9),
(180, 'Linares', 9),
(181, 'Longaví', 9),
(182, 'Parral', 9),
(183, 'Retiro', 9),
(184, 'San Javier', 9),
(185, 'Villa Alegre', 9),
(186, 'Yerbas Buenas', 9),
(187, 'Constitución', 9),
(188, 'Curepto', 9),
(189, 'Empedrado', 9),
(190, 'Maule', 9),
(191, 'Pelarco', 9),
(192, 'Pencahue', 9),
(193, 'Río Claro', 9),
(194, 'San Clemente', 9),
(195, 'San Rafael', 9),
(196, 'Talca', 9),
(197, 'Arauco', 10),
(198, 'Cañete', 10),
(199, 'Contulmo', 10),
(200, 'Curanilahue', 10),
(201, 'Lebu', 10),
(202, 'Los Álamos', 10),
(203, 'Tirúa', 10),
(204, 'Alto Biobío', 10),
(205, 'Antuco', 10),
(206, 'Cabrero', 10),
(207, 'Laja', 10),
(208, 'Los Ángeles', 10),
(209, 'Mulchén', 10),
(210, 'Nacimiento', 10),
(211, 'Negrete', 10),
(212, 'Quilaco', 10),
(213, 'Quilleco', 10),
(214, 'San Rosendo', 10),
(215, 'Santa Bárbara', 10),
(216, 'Tucapel', 10),
(217, 'Yumbel', 10),
(218, 'Chiguayante', 10),
(219, 'Concepción', 10),
(220, 'Coronel', 10),
(221, 'Florida', 10),
(222, 'Hualpén', 10),
(223, 'Hualqui', 10),
(224, 'Lota', 10),
(225, 'Penco', 10),
(226, 'San Pedro de La Paz', 10),
(227, 'Santa Juana', 10),
(228, 'Talcahuano', 10),
(229, 'Tomé', 10),
(230, 'Bulnes', 10),
(231, 'Chillán', 10),
(232, 'Chillán Viejo', 10),
(233, 'Cobquecura', 10),
(234, 'Coelemu', 10),
(235, 'Coihueco', 10),
(236, 'El Carmen', 10),
(237, 'Ninhue', 10),
(238, 'Ñiquen', 10),
(239, 'Pemuco', 10),
(240, 'Pinto', 10),
(241, 'Portezuelo', 10),
(242, 'Quillón', 10),
(243, 'Quirihue', 10),
(244, 'Ránquil', 10),
(245, 'San Carlos', 10),
(246, 'San Fabián', 10),
(247, 'San Ignacio', 10),
(248, 'San Nicolás', 10),
(249, 'Treguaco', 10),
(250, 'Yungay', 10),
(251, 'Carahue', 11),
(252, 'Cholchol', 11),
(253, 'Cunco', 11),
(254, 'Curarrehue', 11),
(255, 'Freire', 11),
(256, 'Galvarino', 11),
(257, 'Gorbea', 11),
(258, 'Lautaro', 11),
(259, 'Loncoche', 11),
(260, 'Melipeuco', 11),
(261, 'Nueva Imperial', 11),
(262, 'Padre Las Casas', 11),
(263, 'Perquenco', 11),
(264, 'Pitrufquén', 11),
(265, 'Pucón', 11),
(266, 'Saavedra', 11),
(267, 'Temuco', 11),
(268, 'Teodoro Schmidt', 11),
(269, 'Toltén', 11),
(270, 'Vilcún', 11),
(271, 'Villarrica', 11),
(272, 'Angol', 11),
(273, 'Collipulli', 11),
(274, 'Curacautín', 11),
(275, 'Ercilla', 11),
(276, 'Lonquimay', 11),
(277, 'Los Sauces', 11),
(278, 'Lumaco', 11),
(279, 'Purén', 11),
(280, 'Renaico', 11),
(281, 'Traiguén', 11),
(282, 'Victoria', 11),
(283, 'Corral', 12),
(284, 'Lanco', 12),
(285, 'Los Lagos', 12),
(286, 'Máfil', 12),
(287, 'Mariquina', 12),
(288, 'Paillaco', 12),
(289, 'Panguipulli', 12),
(290, 'Valdivia', 12),
(291, 'Futrono', 12),
(292, 'La Unión', 12),
(293, 'Lago Ranco', 12),
(294, 'Río Bueno', 12),
(295, 'Ancud', 13),
(296, 'Castro', 13),
(297, 'Chonchi', 13),
(298, 'Curaco de Vélez', 13),
(299, 'Dalcahue', 13),
(300, 'Puqueldón', 13),
(301, 'Queilén', 13),
(302, 'Quemchi', 13),
(303, 'Quellón', 13),
(304, 'Quinchao', 13),
(305, 'Calbuco', 13),
(306, 'Cochamó', 13),
(307, 'Fresia', 13),
(308, 'Frutillar', 13),
(309, 'Llanquihue', 13),
(310, 'Los Muermos', 13),
(311, 'Maullín', 13),
(312, 'Puerto Montt', 13),
(313, 'Puerto Varas', 13),
(314, 'Osorno', 13),
(315, 'Puero Octay', 13),
(316, 'Purranque', 13),
(317, 'Puyehue', 13),
(318, 'Río Negro', 13),
(319, 'San Juan de la Costa', 13),
(320, 'San Pablo', 13),
(321, 'Chaitén', 13),
(322, 'Futaleufú', 13),
(323, 'Hualaihué', 13),
(324, 'Palena', 13),
(325, 'Aisén', 14),
(326, 'Cisnes', 14),
(327, 'Guaitecas', 14),
(328, 'Cochrane', 14),
(329, 'O\'higgins', 14),
(330, 'Tortel', 14),
(331, 'Coihaique', 14),
(332, 'Lago Verde', 14),
(333, 'Chile Chico', 14),
(334, 'Río Ibáñez', 14),
(335, 'Antártica', 15),
(336, 'Cabo de Hornos', 15),
(337, 'Laguna Blanca', 15),
(338, 'Punta Arenas', 15),
(339, 'Río Verde', 15),
(340, 'San Gregorio', 15),
(341, 'Porvenir', 15),
(342, 'Primavera', 15),
(343, 'Timaukel', 15),
(344, 'Natales', 15),
(345, 'Torres del Paine', 15),
(346, 'Cabildo', 6);

-- --------------------------------------------------------

--
-- Estructura de tabla para la tabla `MAP`
--

CREATE TABLE `MAP` (
  `ID_MAP` int(11) NOT NULL,
  `NAME_MAP` varchar(60) NOT NULL,
  `POLYGON_MAP` polygon NOT NULL
) ENGINE=InnoDB DEFAULT CHARSET=latin1;

--
-- Volcado de datos para la tabla `MAP`
--

INSERT INTO `MAP` (`ID_MAP`, `NAME_MAP`, `POLYGON_MAP`) VALUES
(1, 'test map', ''),
(2, 'test 2', '');

-- --------------------------------------------------------

--
-- Estructura de tabla para la tabla `MISSION`
--

CREATE TABLE `MISSION` (
  `ID_MISSION` int(11) NOT NULL,
  `NAME_MISSION` varchar(100) NOT NULL,
  `DESCRIPTION_MISSION` varchar(250) NOT NULL,
  `DATE_CREATED_MISSION` datetime NOT NULL,
  `DATE_START_MISSION` datetime DEFAULT NULL,
  `DATE_END_MISSION` datetime DEFAULT NULL,
  `IS_ACTIVE_MISSION` int(2) NOT NULL DEFAULT '1',
  `ID_MAP_MISSION` int(11) NOT NULL
) ENGINE=InnoDB DEFAULT CHARSET=latin1;

--
-- Volcado de datos para la tabla `MISSION`
--

INSERT INTO `MISSION` (`ID_MISSION`, `NAME_MISSION`, `DESCRIPTION_MISSION`, `DATE_CREATED_MISSION`, `DATE_START_MISSION`, `DATE_END_MISSION`, `IS_ACTIVE_MISSION`, `ID_MAP_MISSION`) VALUES
(4, 'OBS_PATAGONIA_0', 'Misión de observación aérea en la patagonia.', '2018-04-08 10:34:26', NULL, NULL, 0, 2),
(5, 'OBS_PATAGONIA_1', 'Misión de observación aérea en la patagonia.', '2018-04-08 11:04:02', NULL, NULL, 1, 2),
(6, 'PATAGONIA3', '1234567890', '2018-04-10 12:45:32', NULL, NULL, 1, 2);

-- --------------------------------------------------------

--
-- Estructura de tabla para la tabla `PHONE`
--

CREATE TABLE `PHONE` (
  `ID_PHONE` int(11) NOT NULL,
  `MODEL_PHONE` varchar(60) NOT NULL,
  `IMEI_PHONE` varchar(15) NOT NULL,
  `ACTIVE_PHONE` int(2) NOT NULL,
  `ALLOWED_PHONE` int(11) NOT NULL DEFAULT '0'
) ENGINE=InnoDB DEFAULT CHARSET=latin1;

--
-- Volcado de datos para la tabla `PHONE`
--

INSERT INTO `PHONE` (`ID_PHONE`, `MODEL_PHONE`, `IMEI_PHONE`, `ACTIVE_PHONE`, `ALLOWED_PHONE`) VALUES
(18, 'iPhone 8', '356705083583272', 1, 0),
(19, 'test', '531030309551138', 1, 0),
(20, 'Moto G1', '013000698276388', 1, 0),
(21, 'Moto G1', '359308054421767', 1, 1);

-- --------------------------------------------------------

--
-- Estructura de tabla para la tabla `PHONE_HAS_TOKEN`
--

CREATE TABLE `PHONE_HAS_TOKEN` (
  `ID_PHT` int(11) NOT NULL,
  `ID_PHONE` int(11) NOT NULL,
  `ID_TOKEN` int(11) NOT NULL
) ENGINE=InnoDB DEFAULT CHARSET=latin1;

--
-- Volcado de datos para la tabla `PHONE_HAS_TOKEN`
--

INSERT INTO `PHONE_HAS_TOKEN` (`ID_PHT`, `ID_PHONE`, `ID_TOKEN`) VALUES
(1, 15, 4),
(2, 18, 7),
(3, 19, 16),
(4, 20, 17),
(5, 21, 18);

-- --------------------------------------------------------

--
-- Estructura de tabla para la tabla `regions`
--

CREATE TABLE `regions` (
  `id` int(11) UNSIGNED NOT NULL,
  `name` varchar(128) NOT NULL DEFAULT '',
  `ordinal` varchar(4) NOT NULL DEFAULT ''
) ENGINE=InnoDB DEFAULT CHARSET=utf8;

--
-- Volcado de datos para la tabla `regions`
--

INSERT INTO `regions` (`id`, `name`, `ordinal`) VALUES
(1, 'Arica y Parinacota', 'XV'),
(2, 'Tarapacá', 'I'),
(3, 'Antofagasta', 'II'),
(4, 'Atacama', 'III'),
(5, 'Coquimbo', 'IV'),
(6, 'Valparaiso', 'V'),
(7, 'Metropolitana de Santiago', 'RM'),
(8, 'Libertador General Bernardo O\'Higgins', 'VI'),
(9, 'Maule', 'VII'),
(10, 'Biobío', 'VIII'),
(11, 'La Araucanía', 'IX'),
(12, 'Los Ríos', 'XIV'),
(13, 'Los Lagos', 'X'),
(14, 'Aisén del General Carlos Ibáñez del Campo', 'XI'),
(15, 'Magallanes y de la Antártica Chilena', 'XII');

-- --------------------------------------------------------

--
-- Estructura de tabla para la tabla `TOKENIZER`
--

CREATE TABLE `TOKENIZER` (
  `ID_TOKEN` int(11) NOT NULL,
  `TOKEN` varchar(127) NOT NULL,
  `USED_TOKEN` int(2) NOT NULL DEFAULT '0',
  `DATETIME_CREATED_TOKEN` datetime NOT NULL,
  `DATETIME_USED_TOKEN` datetime DEFAULT NULL
) ENGINE=InnoDB DEFAULT CHARSET=latin1;

--
-- Volcado de datos para la tabla `TOKENIZER`
--

INSERT INTO `TOKENIZER` (`ID_TOKEN`, `TOKEN`, `USED_TOKEN`, `DATETIME_CREATED_TOKEN`, `DATETIME_USED_TOKEN`) VALUES
(2, '3DnfCYYzS8OsEX0eHzatGItvO74gIroZcFpc1Yb5kMlv6FQ7U9p2vxALCgrTzKt9o63Fbjb443ATVLGNGJzb1GDGeG9JL3umOLUWKM5iUVNN9WqkUuA08to8ZX32H', 0, '2018-03-26 00:25:08', NULL),
(3, 'lW4f4FfE5duGdXOPhxwhf3gNFfWxgH7yuQjKumYY6xlmbxrwKOrJuMByh1E8YO7wgFYb4ZQufpRtscTSCmJAfgwc1bugkEDFi1jCEvwsIZ5WWaZIXn7TLopWOnZxW', 0, '2018-03-26 00:53:35', NULL),
(4, 'fAPs2MbW2Zj91ni6eHLqfRhbbSpuKpUrYSCN7hIAXU4px7GD9yrBQO3eSCB7RDX50BGeyvJ2PR7o0L6RccnJDlBmWEltSRJwS85ycTqIyZt0IcnuDrdmsmM7aV8mD', 1, '2018-03-26 20:39:46', '2018-03-28 00:45:57'),
(5, 'DPMFZR8VMV3tfth6ugs0BPpZF7BLziQK1KlqEQbeuKbtJwkPSuJcR6g8kSdcwHq0blFolpCyLsDUlaoctQvaMjYsZ4K33JJghBvgnqE3lCMHlFpZUW7xqozicVKvV', 0, '2018-03-27 01:30:55', NULL),
(6, 'bUtk3FoFoeM8EblLnHTa1aFAtvHOCw69EnmWeCsK6loLXeZKOidmcukowihRhnPyCddjFOTPMwwNwOxaVZNvESCnVPKCKBHH5xO0LIzbU92fKkcAiFWZpFHOoWv92', 0, '2018-03-27 01:32:01', NULL),
(7, 'FywvghBnpSVWnnlJKUOr9zmeoqfaHe0LXB03wLazcvyw5dLGASVhpdUmuT9QS7zfEc1tC2drPbikbTcMgeGbxYF0j8IcGMBwk2piZU6qHgiPYxv8PZRU2lVQ38reF', 0, '2018-03-27 01:33:45', NULL),
(8, 'XbpcZyfM926ykRqP5YKjoulTYgUgnmYox3zViUITM7CN2vZObRDOJaCrrw0jbrNwYEHrwlo41hMiX5ddHBs4Dp4YVdrei6hv1TSoSdJHOk7tYruNRgeEEXfRRJwYw', 0, '2018-03-27 01:37:19', NULL),
(9, 'cC9zS6pr43AOTaHuXCuqcqgLqjiAOw8wFxsmic5ZLIIF3EeCZjJOIGCmybyFLHKEoTIJqnnyQU1w9S4gRarquA3v0aC8lPH6OPGxMqG7FkTHnEw7PDcyAvw8s4w9q', 0, '2018-03-27 01:37:24', NULL),
(10, '9dCcWZkYJ6uxJcfk8uMdjyQgxaNZfhsgP8q2NnhqntmDNKnI60PsHguXTF1lY55lBP5t5rUwL6V5HxpU9dtL2vUhBYBd2WliXYKmqIkM2iXOWIYoo5ba1RE25d70e', 0, '2018-03-27 01:38:09', NULL),
(11, 'cmxm5DGJyl8brtJ7lAgzokzGeLUb3xiELJq0eYuGOSUuC1fA8TY2guXE8jRmeuT7MM7aiyereAp2eoqLjJzi5b4YdnNXOjUAZOW7KEt06uySdEobDQjJVOnu2djdI', 0, '2018-03-27 01:38:11', NULL),
(12, 'spU48ZNv28HO105V1MQwO5wpf17UypyOHMnqAGRWlap5vJsnfUAyle0C4wE6noOPlysO7KwxKbfHfHSOMaYJ1NjbzaPyGr2btzGTSZVOMTbrkOKmb6SWhrnLzukOY', 0, '2018-03-27 01:39:06', NULL),
(13, 'Pi2y17ZcVbPRTEJKBX2g3VVcpqvwgG9OzyJYpAkHDBeAvO7817bypV090riBBZ7XKMfdjFhT4jtYHy8FQL5MPQx4CVOetefTM69hPeA9HrAFmAcPREH4eLh9aoRXw', 0, '2018-03-27 01:39:09', NULL),
(14, 'OaJhfcx0txqC3gSJEeVi98Ww4yMzi6su4OUBc61qBkZFh3iHQyr9RqExHk6Qi7SpVdlxDXGC9uHsbqjQinNqNWkOQvZLHmYAkjPmcUp9B6VhEvCF5mm8XDxz63L8r', 0, '2018-03-27 01:39:14', NULL),
(15, 'JT9UiEueXabJFMidUUoXpbFke550q1On4VmL8kbVHqrcw4SFfJa4sMTR6CrooUTTRPtpWprrtSkAlLAcWeaDqEHjBNwmYobgBtJ27WLyy8BjNaKcf0sCVjTQms1iz', 0, '2018-03-27 01:39:16', NULL),
(16, 'lMZUdlxSCboGoD9DMOetxyozGoNj4jI8O4ASHhtU8q4GTGNJwzWRgW1YyNfmOUftLDEw0smjutuU6N1YOo8Bnwu5EZ7a6f9dNJu1VwJt1btpMkMkrmcjJSCnoebJj', 0, '2018-04-08 01:06:58', NULL),
(17, 'skqONaD4yxfEadnaYGFvmLjqSjFdGtEWpFLYAsm9F1f6WR7X8bO4d3SLOMTu2nPoPnxV7MGJumkveL4M1dWWdIVpQ8fKNfDXxd8UMYZbrJiDGNY6DauwUKM0DP9iS', 0, '2018-04-10 12:44:44', NULL),
(18, 'xbUDg2PgI1F2s2AnPXU7EKUoSGl08NfijbrGdKNNC95LCcy38lCPBosznVqxileE5LwCfDJ0zcwq19shsqy41hMzJeGi6nuwJtK64QtsXnHY8sNbTEhUNE7ZVNXsl', 1, '2018-04-11 11:59:45', '2018-04-11 12:28:20');

-- --------------------------------------------------------

--
-- Estructura de tabla para la tabla `UAV`
--

CREATE TABLE `UAV` (
  `ID_UAV` int(11) NOT NULL,
  `MODEL_UAV` varchar(60) NOT NULL,
  `PROTOCOL_UAV` varchar(20) NOT NULL,
  `DATA_UAV` varchar(150) NOT NULL,
  `ID_PHONE` int(11) NOT NULL
) ENGINE=InnoDB DEFAULT CHARSET=latin1;

-- --------------------------------------------------------

--
-- Estructura de tabla para la tabla `USER`
--

CREATE TABLE `USER` (
  `ID_USER` int(11) NOT NULL,
  `NAME_USER` varchar(100) NOT NULL,
  `LASTNAME1_USER` varchar(100) NOT NULL,
  `LASTNAME2_USER` varchar(100) NOT NULL,
  `PIC_USER` longblob,
  `CITY_USER` varchar(100) NOT NULL,
  `STATE_USER` varchar(100) NOT NULL,
  `COUNTRY_USER` varchar(100) NOT NULL,
  `EMAIL_USER` varchar(200) NOT NULL,
  `PHONE_USER` varchar(100) NOT NULL,
  `USERNAME_USER` varchar(64) NOT NULL,
  `USERPASS_USER` char(64) NOT NULL,
  `ADMIN_USER` int(11) NOT NULL,
  `ID_MISSION_USER` int(11) DEFAULT '-1',
  `STATUS_USER` int(11) NOT NULL,
  `LAST_CONNECTION_USER` timestamp NOT NULL DEFAULT CURRENT_TIMESTAMP ON UPDATE CURRENT_TIMESTAMP,
  `IP_LAST_CONNECTION_USER` varchar(100) DEFAULT NULL
) ENGINE=InnoDB DEFAULT CHARSET=latin1;

--
-- Volcado de datos para la tabla `USER`
--

INSERT INTO `USER` (`ID_USER`, `NAME_USER`, `LASTNAME1_USER`, `LASTNAME2_USER`, `PIC_USER`, `CITY_USER`, `STATE_USER`, `COUNTRY_USER`, `EMAIL_USER`, `PHONE_USER`, `USERNAME_USER`, `USERPASS_USER`, `ADMIN_USER`, `ID_MISSION_USER`, `STATUS_USER`, `LAST_CONNECTION_USER`, `IP_LAST_CONNECTION_USER`) VALUES
(1, 'Kevin', 'Canales', 'Bustamante', NULL, 'Rancagua', 'VI región del Libertador General Bernardo O\'Higgins', 'Chile', 'kevin.canales@usach.cl', '+56 9 56393796', 'kevin.canales', '*3AC79ED05A46BE5DF14A83BD4F3AF7407CD8BE41', 1, -1, 1, '2018-04-14 23:27:46', '127.0.0.1'),
(2, 'SUPERADMIN', '', '', 0x89504e470d0a1a0a0000000d4948445200000190000001900803000000b761c6fe00000060504c5445838182231f20f25178fbc5d2918f8f918f90f68ba5fef1f4f1f1f14c494af0436dee2656312d2ed6d5d5f46e8ff8a8bcfcd4ddacabab767374fde2e9ef3462adababf57d9af79ab0f36083f9b7c7bab9b96865669e9d9d3f3b3cffffffed174b5cb3d5df00002000494441547801ed9de962eca60e809b9936d3336993f424cdd2f6daefff96d79b842404061b1bc6437e646c8c41e8436231c6bf34f5af280dfc5294345598263790ff7e2deaefbfec552233909f0f85fdfdcc4d242f90e2783c3ce426921548cfe3c76f05fdfddb099499484e20038fdf73fb08967f2f525e22198114c8a369b213c907a4481e23911f19cd361b9042796427920b48b13c7213c904a4601e9989e40152348fbc44b200299c475622398014cf2327910c406e80474622fb03b9091ef988ec0e44e37139e7ff7b655328dd8926a88cb3c1f9de40b4625eae6d017f2f52bb9aa8324efaf39d8168852c8347db9641645f2025f32884c8ae40cae65106913d8194cea308223b02f9ab7f3e2826b64b693fa05391bf1dd90fc82df028c0467603721b3cf213d90bc8adf0c84e642720b7c34321f28bd2f8a51f114e29ee03e49678b4edb3d4f6df3b12d905c86df1c84b640f20b7c6232b911d80dc1e8f9c44b607728b3c3212d91cc86df2c847646b20b7ca231b918d81dc2e8f5c44b60572cb3c3211d914c86df3c843644b20b7ce230b910d81dc3e8f1c44b60372041e0e227ffc2967bbd29d6f06e4183cf627b21590a3f0d89dc846408ec3636f22db0039128f9d896c02e4583cf625b20590a3f1d895c806408ec7634f22e9811c91c78e44920339268ffd88a40672541ebb11490ce4b83cf6229216c89179ec4424299063f3d887484a2047e7b10b9184408ecf630f22e980dc038fb6fdba88471ffdbadf94cf479201b90f1e6d7bdd98482a20f7c26373228980dc0f0f85c83f7f24f45a6980dc130f85c89f09892401725f3cb6259202c8bdf1d894480220f7c7634b22eb81dc238f0d89ac06729f3cb623b216c8bdf2d88cc84a20f7cb632b22eb80683c9a22f68783dd64b6fcb56651528c47560151793c6fa983b2d2de82c81a20f7ce6313afb50248e5b10591e5402a8fde7faa5eebe12ff1d024e2743190ca636ccf5213590aa4f280fe4562220b81541ec023b5d75a06a4f2303c12135904a4f2a03cd2125902a4f2e03c92125900a4f2903c521289075279d83c121289065279683cd21189055279e83c921189045279b878a4221207a4f270f34844240a48e5e1e3d1b64ff24356fd13abc899c6182095879f47122211402a8f391e29888403a93ce6792420120ca4f208e1b19e482890ca238cc76a2281402a8f501e1a911f117dad30209547380f85c8ef11448280541e313cd61109015279c4f15845240048e511cb630d91792095473c8f15446681541e4b782c273207a4f258c6633191192095c7521e4b89f881541ecb792c24e2055279ace1b18c880f48e5b18ec722221e203d0f6be3a13b7a3f6a2d8dfe7eeb19e2308bf2abe7f5043790ca633b223fdd449c402a8f143c5c36e226e2025279a4e1114dc401a4f248c52396880e241d8febf3e7d92c8e793bbf3c9ed215753ea5a7d3e3f71936e5eb72ffd835f7493ebd6577782d1548221e4fcfdfa00bd6889d3f9e34553e9d96fd39372ab87e9aaa6004387fbc6bb993b000419c799264cc610c110d481a1eef2f2a8d51332f4a4d3d19a5451d9d4dc9c9d1d3e39b3395d767b546c0dd4182bcbdf81381c486df08220a90243cde5f9cea182f9cad7a1aa40725550dc85cf697470f926041be956ac540e04938111b48121e1f1eeb009d3ea2b8e341b01e2081e9d706f2f429a228a7970f91bd398d10e41c8a2498880524058fa739f31815f4ca6b69841e98822d20d666c72c3a9ebcba1a8228413e0d48efd1d337663c1e0c6376bb65974092f0d0da5221ce70fac65412a507929c0412601ed3dd8e79a0384144b5725391b554272280a4e0d186f2689a0b2512a707438403b17c8389681fbda8ea8b14242d110e24090f59136c3d98105a98483d60220c48148fa65189c40a420ba1128640a919cd461890243cbe50532107df206cdbc6ea0192a7402279e844a20551b19a8299a300221448121e4f01fd2b5065ff6bfc78b41ea6640890681e2a917841be8ccefd47f3440890243cda47aa6d3cbe9c710203c3c6830b76b5e2f530a64080c89e8cc84b3db5bbbff182bcf93190abb3440c90343c5acb40de3ebfa6316037b1a4b4f7381c89d78304f2a16afcf5f3f974eaa6439e3ff5b13bed580caa5b2088b173a27cf5708e080249c4e359e8e44d58b33d84461359a0872133b49077ab3234cddb239d11b87e6a51a4e28420af67f6a7520d37917686080049c4a3154e4369ee4e5227deda253ca0d41d3b3f8bcad075ab2d7fa40de2d146a7d404106b307e524ccd323326193bf1139980a4e2d1729d283cbae703a28e918e16137c38890022f4d849f24aad03d23e89ec3b6c229a48c802d2a5644d0d850ed87b292c223fbbd50b30661f8124e37165401c86cc23350d36eba033f21b01c452b45a1d94074672341200c4da6bd1515452127228893484c80024198f9637212e6724b4ac5541105f448560e557a851edd08eb7d99d635e25444aba7872b8c59350e4a3411e223d90743c44a757b80214e989d951237d38c6eb0ec28188d6ab79a5c9f0636bacc4250802d28a164bc7c6f335676e221d907f12aebfe2fa33028823ae3c876b19eee10936221d72face215b0d03896a4f0a70871306843b83c6ea3eb00cad1327910ec8af09d7c371fd596240008f86fd56b84c7e794c0f103906f12b48ea83d5ef3020a20670232325701c4a098676e4bfa61981fc26aa97cbf93b1237c15c7fac982692aca14980882127aff334efe1580e595827290c88e850c602b1fa5acdbf0f0fdd924615c8621ec2e5b3625a4a090ae084dd1622ea2b9922d3b3111594f15b04c457ab8244687e730259ce4300911d7c5d306f682810e1d19982b50c2440daffd80988b4112790153c5ae1c9d59199a61f67582810f19870de36858ba3855e04c43bbc75148f9ba90b48bced91ec44591aefea0e729ff3301488d0effc4c86a83a94a02884a3258ce8bb3b4bc7886c0244b4747d5fe1fb635e3b4e89850f74b721bc577271270857c47401ad86614044ace846bd1784a5b10d105153473d5d964309b410a1de10ffc1e7382942a6a6a671588870928e58c05fff65396d0344780253712fdf8b56f5060261256bbc637f508d18694370f72b12d3552d47fb5153279019cb691b20524e43a43f3a4743090422ea81780803e567bf2265a276a626978588db67bb752c6f3861396d03443a7d0e6484f215519b44b9a124f2574423da9531f15c3024b730353980886e76433b0598c5ec01cb692320f269874da40b797d0c6de885a65d450c8c466f67ca681a6254e20a4185f78bfc9a85df0a64396d04a415edab0aa40b7cfb0c62224a8e1a1107ee06414434a74c19acd911572c20577b61fd328fc55babad808867222e205d78c84ae502808867ea82fd583eff54a6a905e288a1df0c48fbcc7b94ab906c07440c99c83882a9c923bdb9840b3584c2e74e594edb0169afea68c4c84f8ee61ac34540e828cfad13224577b80a089d787167685fd90b88b20880979e9ccd2c8c5d04848ef26c2d400811622590b00a00f992dffd80b44f1fd69a03ae003cf3135904c43dc34294213a1f2b2c64f9a4f68e40ba929f7c2f19228fae6d275ab20eb703c294b1ca65911eb325bf3f80c9b0611b8252a86b47098bf190544ebc130e0281888925b8dbf7cb94d1d067e2e28a25af0858da8074c2b19cf600d22be4f4a8761449a97c261f0844440b19e288b136196d30351139d5c3cb72fbc804a48772fdf8f635299eae96d0749f98f627a211ed6ab18730f72d31409c2f2a3af3a517584e7b590808f0feacbec7df573b4faf48a80d1293bf62d95ac8388d2f456ac8335ca626d52c20d05e3b2c05f39fb39cf606d28bf6f4a5ac53ee4ae7aed1814058c93c8b16897e84c9922b2231d0bef53bb3ff0049d175c872ca01a4174c7b25c0ddac070211c3ee80a925f10496ae73646ab2308c016fdfb33b74b828907096532e209d9d3ccab91577cf371488a8efc40191f2d343d1a6d3678c4c4d5dffcbde82653e799a95fb98e5940f486725626e85d64f2e7e2810d122cc37226c7d01ebf5f2cea8cf9f7251179c1503c45acdef2c4c2810f1b8c94d78ca493ed9a4ad1853d36d03797ea47f3ec30e5574683c311132fbc048782cd6cf3b10103e04f4f90da1c0d516d28a46c4b7a2becf4c44a74dc8915c1677cceebe53a711de7b590f84673df74c557838be14f84016c21d8cd7913320cc6330383c45cf34aed0a2ef7d9dae9f27bb796cd985488a362f4cb6f5272ca72d7a59a2e2791a11268a67c23718887442f48993a539ee5ae54092cbe619b55ae9c606b09cb600c23290e564d27274cc85b378e140788a9d01ba6761a57b133a17a5b8650b112d83bbaf23160bb95b9b7020961b7212b1788871e9918088f1d91bf3cda4ea0b9db82b61381065899edacd53b6bb13d91f0988e8de377ccf38242278b8db74a9654c41391056d7f71aec9d36db939824e86389c48e04444cd975a555b6ffb474e219344458482be6e07b22cd0bef589c4455e8a358cfc78e0444bea6d597f7853d53bb7ed855d4f3802f0688dc68a5d77657fff1fd14c70365cbb11d0a887c776f54caeb799c5239cbfee6a832e132e8691410c5698df9bf75fbf9c8a1c778c57658e2c1ea6dcf6575aa141a8462fb7eb957a138ace4f845ebecead2ba3b7b6515d2a12ca48dd89374d292bbcf6bf3b5108800ad1971c3e8aeb07d51a7c40e0644be93efd5477751f671b88a85c1f18bca99ece6cde4aef138d2e4e2a0a138bfa1b80caae758206de0b6d62328bd577e300be99e074678f2191eb249a2ac1cc75731b3eeb191b33e6e3d1c10eb09ad5b27dfba4a8caea32da49bca15d305cedc5d8dd7f180b4dace868a5e0296352d00d2b65f214672768e7e0e08a4ebcbab230e0ee565ce3c3a435904a4bb6dce6bbeb9e7820fd7a84ffee6e4f71c1731a961bc143b5a08a47d7af659c9d983e3680343a2ce77659664b291efd0ef053db33d73fd5d6492757f78d5574936af734bdcae3c4fa76b13f92d3865ce718b0754964c4f5f8f6751552ff1bb0758c986065c3f5ef8ccd9f9f3d9372f109a6eaa78fb031925bf9e4e1fc36456b7e777aab284a7733d7d0d999f4e25b118e4cf05245c797716b302290c7805528114a681c2c4a916528114a681c2c4a916528114a681c2c4a916528114a681c2c4a916528114a681c2c4a916528114a681c2c4a916528114a681c2c4a916528114a681c2c4a916528114a681c2c4a91652813835f0741a76aaf9c8b014e47d5c0373da70c195b3d8fcc20a0ba1bbfce0f1b358d4f38e5794032a0a5bc3f6f64292f126f1f838ac38e47b0e4d597d9cf8c2d4d3144ed21e24a0595fbee90a46b84391bd0fea13f249074929b77fb9d0af00c257e5e2d9852a532e8ac558c3810162affb35df496022f204fab361e9a26bd930532fac41e54bdcadac2fe63adc61e73a84f4117dd2c1aa4af576ae2754054b2f6ee5a29acd1048de2860e9cb3b500ab5e0b053ac37891920dd87624c55845c8cc2bb1715c47ecb8388f8d20edc21059fce5701e9d2d056dbb3d2a602d298af47b2f465b90088f2a6781f757a57dd9bc42c90e6821e0ad44b80d8df511f659c9c0ddc21059fced702d1365f61a54d06a4c1b7a058fab25c13106b8f18883712f126310fc4bcc409ea35405c3c4053700708247ed703814a075553b8c07440f08b585e6d8e62d85bc460b987caed4d220008ee9305ea3540f8b26bccb63b185ffd843be815729c0088b51d0e2b6d4220b02d344b9f9465381c8198527f0fdbaf3e1a350d9bed7a9308010285868c10086d3f5e3f1f1fe9e6e7c3566b7087147c3a4f0104140536c24abb0c08d9c3f6c3f476a65243faaf24161e8e42c0bb09665b9813040d1f4a7bc2f827dc12856c9c3b34da902f097f362dd3d4db01f50210b2c923bc2a44ba5c7d33f26eb246bf6a8286f192af80d09f009e782b914dbe030ee90df72c03026c875f7c297cdacc0fd2871e208b3c9c805ae8ee7fe8c5e41e34a0786ca8a7f4d470f3eaef381e9140e026d2eeb7666716b1153614446e2908e1ee029acd2449e1df3173df5669098098028db9cfcb0b31601435dc075c85565a28461010f371b831ba00023541ec8e89afddb10d72cc788368b53f04f12381b4665b1c5ee920bd541682024e3509d277cb0b6ae23a062b17c58f0382bbd9a940b005011736e6857be5c038680c868224b210baeb269b4fc07c7a0da4b01054022fc73c105e213fa797fad601e1fc00fd04001a2a6985d0f670915151422208e7b17924bd768117a05f14351637dc930508c845db105e1e72c6356c2e38c2793007821e4b6e8e85bbd598e4bb23507c320b69716737668a984f2a0b81724e7bf441faee0a043182bef2c9356c34e6088757d3c7ee0e0782dda6b0d70c514c93e97004e1ee02aa8d7a7f2f08cd6e85f4925908786631efc1326565c28ad27d0cf765ee855828036f704cd97838d4f5c929712020a8f4584c3873828a3241c31184bb0be80402f2b0fd2521bd5440c00141678ea53f6482ff4079d8ad19ae749f4581eebb287a7f1a0504bbbd53a3010a184f2129f706c12c7f2c080b25ae0ccb85075040d1ac6202505f9817c47cfa6456b621efa76728250e7758fa28ea7000f2da512e4e28903edc0b85b3c29f4e5fd03837f0595a1d08ef634182d62f4a29ae60382f5c7f8642c225d7add469b2f4960181ece82fee02c6d2a73188bce03cd8e5b74f2a2614c552fc7401c259127002fd370e04ae160004c975a5610a4b060479f0f44107e3af1103eb328f00f31940a3fb05c59b7bc78b10ce1318cf70c4a903015c2417ed1015252e62b89d350a0997c4add87a62c42e024b2f1510b2a70f4b1f041b7f89181fd01de231ec2f3482e2c9bd4329219cdfdf9f9187403a109994d01a9c62412060fac5703b6b4c192e895b71088a11bb082cbd44402e64a764963e0836fe52319e1c9bd2c8ea0b8aa7f7f6c584709e437f46cc4c07820624d4254eb120ae703b6b14122eb96ea54375cca7bf291190aeff8a1d2548ffc2b7d3e9cf30ce28e7fbc7b76d27d01e435140f158d6e9028443d1c9ef0535ce81406689da105f01411a28c5f40bba49ddcb82ece82f0ebb21535f37ddc8797d7e81098d2935a12e507c0410b36f38070249891c8c30fc080ac2b4d74581705f0141333cc51686a6a9c72166910bd126f89a1079b99cfcd39f62d8065a7401794161c8475d616a4207e2d324910c0a921008f42e9904984f4f7199cb225223747c560ce9b34ce91deaf1d50c1679e7770e08057502a7045039103863f55395660884822404024f46a1c2f07cd200c1597ef059508e3820ad7c94018a8a016236679c1a4d40303a291c278331431e7081938282a403829d2c2600e69308089406e486f4dd40a6d69e55934e37507d689d37bd291eea0897fd7c0e04f5c11f109967867c4e050a0205037c10ee2ea06b2e0b3c56433b59d826f53c12b82c93de24f0bcbc43cedd3f28e1f40bdae3aa8fb2109c439ad28024a7661c908b6506f8f8187b67834450102927844703c1fdd7f99d90dea096f56d88551b207d9e2b553e74ab98e19a7aba0608a85c07029d1c9c771ba5d22bae55d3a008f305b47432de0a750bd6c44c09427af98040fb0dadce2818d65328382f05c7e47059385cd481a047c31e489f074e570b4f868ae2022128778d538198cf5ef1a60ad3cb07c46880f8525c52c8314915a372a0ba71502254b8ac166da1318b91210e99fb1c33490b846c212c1e58623e3d910d5d9632903d9f87861c6da179839d7bdfcddc961057a8781d10937373f9ec5f5d387d80ff6c1adea49b01a0ab0d7117d05808ce564087bcd3b9a871bb59c86081f2df68e6a65276732ebdcc44dcd8a993280b513f1936c92833368ac24a202c4716ae3f9ffc987609c2c40492c9a78f90d242a68c98058210f03bca8bee0982c9af68e917baaca9bf04e4cd6489715a24cfe150666c14951608efca75693385a50002d57baaab2c7d59eaa902e1a356799db5b68322e25c16f41726023610b3ac4f646de9c9282a29104f3ebd44298080ca26258400695d1f5c918345576fca150e04a6f6004e8d85589f5a18b9980962a37d2c88091a8e305c201d4e675c9699143789b2f4520081a77fd3c32596be947992d7f51e136f10069901b7bca48763076e44a00169cdc26e94ceacfa367adac042dec86323931153580a20a88451db2c7d2cf2748040ba75e69fe0eba66bafb6357752eb8a7785e3ecc8d835528174230f183f8e399b971b8d96ba232c080b25e1b270fdb9d3422ee74fab951a13c67cfafbe38008c9569f5e1f5fc6cf26bcedfdc182f78f9781f4e53cbb306c7529e7122808c89ca8f771bd02298c7305528114a681c2c4a916528114a681c2c4a916528114a681c2c4a916528114a681c2c4a916528114a681c2c4a916528114a681c2c4a916528114a681c2c4a916528114a681c2c4a916528114a681c2c4a916528114a681c2c4a9165281c46a00375725ef8f4c695cf11a39e0efed7631d558d30d769a98927d2956f225f1cbb7105c0ad9d035b96359612163bfca8ffcbdf29d841cb1861be49a54f306156ecebd44adcbef291f082c61ef5e1eb18ae95635d9ff06d79f1264786801f16567e5bf4100ac8d1e24742d2515ef256e20863b49f326a0d85fb7bfc50dc46cc1ef8d6536199b24f066e79632d915c6c3b9b6173e16902cdb8884f05dd9aeca58af2778801022be58d2428c83c4cf654408bb3a2ae7e10192cf46e8d274f1c2aabfee9bb7f7628078b35badefb904040f1f905c44cc1b05bd53954bf87daa3666ed8b252cc49fdd9c3ed75e973c18905f865685fc53dfd7582bc2ecfdfc2d40f1ee38b6216613a047b22311740200c82bbe056b0ec43b97f00ac9586e99ddacb4eb22583cfefce3e1e1d7a6e950fcfaf0f0f03781311c662162de53ee6590efc682aa593d37ef544fda5663e9bae3d9f15d48f43bd285aa3c1efe1980fcfea31022b04f36540e5129745563c33cbde4aec7d23439939d764bb2309dc75f5dc97b67550a119012742c5ee777a81aeaf9349274c4525439939d7247b220c81aaa5ed3fbab879ec700c4414478dc64d238139a5e3c7c6be10d443e9fe15035142e1a08660748ad6918a7a42b2f80c80a8f1148f3fbff14af65f6e35d997fe0edb0fbd627be50ceb7da700081a639160864f7e2c82e50ea05d17c3c2620a3c9c8967d6722308f71c55d30f8d6200e20705b6c1b02f77d39b25ba0e9b05bbc3c00480144601ea31f1082cf624ec40104e246f6b266b30bd36e7c2c95c71f43fb816d487f30342b396d049af27e3c0042b3295f1d08449d1f87f0b9182d3b1e235ed7217780bcacfdf8e34f3c3543c2dc44601ea31fa0837f072d0f25d580981d4da18f0cb1b0847840762ee8d28378ceec42b41b1f678e07baac4eecbc44601e6398c2027fd2d09e1ea8d08cc18161273c6a1b6221073cc028bd1a5976b85f23cd2e5ed90177ccf2a040f21281ced23883012d2e75226e55773b83610fd91d8b018179659eddc6d3274f502cac24bd11107fd5851b97d59de4b411180c8c538ae0e1e994af5bd50d7942e58ec580cc671750df23a3d87b85d93c38908c44601e6322803e8b4cf9ba55fd89f661da06ac84784081046417a9edf9e8413c04907c4460a2179c0618379c77e57503211f68f0c4a24002b29bd7705c0c9bc73f96bf922e2ba3d782d1045804f87832e5eb01623e8a8040d89cb0a53a5776db4df9da3cfeee664778fbd11b336b43fa803ced08f473b1cd805e10795606404c2f0b1a824e6cb42488e50512929d05715540280f1b481e225677b0af1bc39f99f25554fd047d33b379b912cbd6644876f65d2b42827928407210c1361c30905f6cb05555836bc315256a2ca14ab2872fc9683c64b335e2bec5a7e13c34201988402fd7524f178053bebaaaa1359023759fcb0aca6eb1f6ed1b2378a840f62702bad680e0942f44e2aa865098f682731e8b2b09ba70deecf82d6bce6278e840f626822db8a621fcc084ae6a088d001296dd1a04ecde281e0e203b13c1864005e257358c28fcb19886fcd9d1d91a76dbc293381e2e20fb128149c26133785cb5039d5a98f2055be0ce08fa591140c2b25ba87f795b240f27903d89c03c061973f4c5c2a6d7fbe8c90584acdec28fb93d0e5da8c0eca466979dc7f270031989740b85d8df264f75c1ebe0a8702c3bbafac989c45908131b4e06e382ecc4a81cbbde38c65c8680dd15cdc3036420620dedb72002be496a025ccb042a1590c0ec9862179ec4f3f001d98b08cc63588b79b1f11d27b8fc4060440fb1c028d86f6f21f8920c4c9b81b2457610bce257e7f1c33caf65c28d27d65c168da34cd7772b3c533f5683790ce1b1cc53bd69a20a54cd1b75686960b802b16839f0b8bf3534bb1520a65b1d3c7e4771b4032f905d6c04e731a4c7329f371ca77c41d51c0856f869a80eb1b4c20ef32b30b47767271a97a564ecef72f4f3bb3ffc3cbc2eab2bd30e360255dcf258adf990d7a06c50350782cfc3a7d92c88e502e2c90e3a6ca2b7b71088fde59a101e73407620f20e6fc2da057f824b6377557f97165fbb1d6721f114eea5bf5d94e0ec6c71a24216f29805b20391a872de4ae4a53ce68154224beac0621e01402a917822368f5f02daf3a1d9f3f7b2c6967187963dbecc25df61f3f819ca23c44276e96b95acdf58d9d6f0080352bd560c93553c02815422e144d6f108055289841259c9231848251246642d8f70200e22b848274cdea3c75acd2302884ec4bc0770745d87946f3d8f182095c81c93043ca28054227e222978c401a9447c4492f08804d2fca52da1afed48cf290d8f58209588cb469ee149243e19ebe7af7ece3c1fc4c8781032b98891fb836a232a127c1089ca1a78e059f04134904a4403928c47b4cbaa36b22d8f2540aa8d4826e9ec4379c730c4d9d576842149c9639185d4967d3b1e0b8154af659058f631ec98f833c4d36871e27b59632ad56b4d4812f3586a21d56b6dc4633990eab57a24a9ed63612fab7aadadec6315906a23e9ed631d907b27b2058f156d48efb7eebaafb5098f9540ee99c8363cd602b95f221bf1580de45e896cc5633d90fb2482efba8f2380e90b138be74b2095ee77e9d40949a26fd9ad57198ffd9c1ddee4452dac9bbfc264d200196ce4ae88e83c70fb76aadfe8e3041632f67eef88c8963c52b8acae12dc95d7da94472220f744645b1ea980dc0f918d792403722f44b6e6910ec87d10b178bcf5df1c4cd3bf1a3b64497a59635277d0b25b3c867dc053f248682177d0d7da8147522047f75a7bf0480be4d84476e19118c89189ecc32335109d88bd79dbb448e0867e76e2911cc85189ecc5233d906312d98dc706408e48643f1e5b00391c117bbbd7f4e3417c6e9270a48e691e8cc8ae3c36b110c798fd46fb5afbf2d80848a36e3178936852fd42000001d04944415444741ee673dbc62fa439dac46575a2a99b0cde2011070feff6edabc86c05e4204476e7b195cb3a888deccf63432007b0910c3cb60472f34472f0d814c88d13c9c2635b20374dc4e6a17e6e7b55974ab979b35ed698d7edf67e6d1efae7b6159dae0ada18c8cdda482e1e1bbbacaeaedca68d64e3b13d909b24928fc70e406e9048461e7b00b939223979ec02e4c68864e5b10f909b22626ff7ba4f7f77ea2c6fdded9db2b99dbe56661e3b59c8edf47e73f3d80dc88d78adec3cf603721344f2f3d811c840e45f39cf53d4535d9dc7ffb67b5e2bb5d19defd4a80f39f72dbbb5d9414144741ed6fbde8a161306ed0964b091728914c163570b19fb5aa5122983c7ce401c3642bfb09debf8cbfadc44d0e7cf133aab31a95d5d5697a5da8e242f558a04f3f0d8db426e8748261efb03b9111bf94ddb732a85e1cda5b1b7cbeae4b905afa5cebdcde932c9f50c406e80483e1e195cd60dd848461e7980146e2339796402523491ac3c72012998485e1ed980144b24338f7c400a25929b4746204512c9ce23279081c8bfbf95f4f76faef1b91953e6181862ee7d7d2ced6fe7e751a80b38c80a64b091b288e4e691d5657595e2bf5f0bfb8bfedc36d4ec54bf792d2455290e944e055218ccff03b1021cb997afff760000000049454e44ae426082, '', '', '', '', '', 'superadmin', '*A4B6157319038724E3560894F7F932C8886EBFCF', 999, -1, 1, '2018-04-09 01:35:49', '127.0.0.1'),
(4, 'Arturo', 'Alvarez', 'Cea', NULL, 'Santiago', 'Metropolitana', 'Chile', 'arturo.alvarez@usach.cl', '+56 9 12345678', 'arturo.alvarez', '*A28D6A233B76FC581A8E711B8966883C91C97612', 1, -1, 1, '2018-04-09 01:35:52', '127.0.0.1'),
(5, 'none', '', '', 0x89504e470d0a1a0a0000000d4948445200000258000002170806000000406820650000000473424954080808087c0864880000000970485973000012fb000012fb018d9b3df10000001974455874536f667477617265007777772e696e6b73636170652e6f72679bee3c1a0000200049444154789ceddd7bb86d675d1ffaef0e0982512e82d21e050788146c6d9f3ae0800e8e145138421beda160918b569052c052a5ca297239022a8a11a81808020614b9289772155284424620e2449183700461182118c084242424fb7afe988bb0b2f7baccb1d698eb1d738ecfe779d6b3d75e6bae95ef4eb2f6fccdeffbbe631c3a71e2440000f6a29d7587929c9ee4469bde4edfc3fba76dfcbaddfb437fdd6eefefe7eb0e9dbeaf7fab003011edac3b2dbb3fb12f7390d8edfbed6720d8cff071683fff5ed7d46103160037b0e02051ba5918fa738bfc390c122cea88010b98ac010789be4feccb6c168668560c12b03f470d5830015b0c12635d6a1862905864c0304800cba4c162bdf41824f6db24941a08f6dab21824000e8e066b552d7190187aa961a86517830400ab62fc0dd6a64162ac4b0d7dbec750cb2e06090018afa3a7b7b3ee3e49ee94f16ee804005825474e4ff2a02467954e0200b0268e9e563a0100c09a3962c002001896060b0060601a2c00808119b000000676e4b4b89e1200c090ecc10200189825420080811db5440800302c0d1600c0c03458000003d36001000ccc2942008081b90e1600c0c03458000003b3070b0060604e1102000c4c83050030307bb0000006e6142100c0c03458000003b3070b00606096080100066689100060609608010006e642a3000003d36001000ccc1e2c0080813945080030300d1600c0c0ecc102001898010b006060062c008081d98305003030a708010006a6c1020018983d58000003732f4200808169b0000006660f1600c0c09c2204001898060b006040c79aba3a61c0020018ced124b1440800309c23c97cc002006018d7375800000ce3fa06cb122100c0303458000003b3070b0060604e1102000c4c83050030307bb0000006e6142100c0c03458000003b3070b0060604e1102000cec70a2c1020018923d58000003738a100060601a2c0080813945080030300d1600c0c03458000003d36001000cec48929c1ea70881837124c975995f84efba93de3f9ce4da937e7f5de62f024f4f72a324676cfc7afaa68f6dfedcc91f3bfda4b7af3eeeeb96fd070526ed6832ff4b07a08f2b927c6ad3dbdf24b9345f1b9abe3a20dd60686aeaea4491b4276967ddad937cd7a6b7ef4ef24f8a8602d6c9f50d16c0768e27f9cb24efdb78fbaba6ae2e2b1b697f9abafa6292f76ebc2549da59f7dd497e2ac98f46c305eccff50d96254260b38b93fc49e60355dbd4d59585f32c5d53571f49f2b3edac7b46928724794492db954d05ac280d1670bdcb92bc29c9eb9bbafab3d2614a69eaeaf224e7b4b3ee4549ee93e42793fcab78210a2cce1e2c98b8af24796792d725794f5357470be7198da6ae8e27393fc9f9edacab923c2cc90f26b953c95cc04a708a1026e858e64b7faf4ff2f6a6aeae2e9c67f49abaea923c2bc9b3da59779b24f74cf2bd49ee9ae43be3ef50e08634583021d725795592739abafa4ce930abaaa9ab4b336ffc5e9724edacbb79e683d67d923c34f3cb4000d3660f164cc0d5495e91e4dca6ae3e5f3accba69eaea8a24ef4af2ae76d6bd34c9ff93f9b0054c975384b0c6ae48f292242f6deaea4ba5c34c4153577f93e4e1edacbb77925f4a72c7c29180323458b086be90e4dc24af68eaeacba5c34c515357ef6e67dd05999f40fcf924df50361170c0ecc182357238c93949fe7b5357d7960e33754d5d1d49f23bedacfb93242fcb7c333c300d4792f97dbe2c11c26afb5f49eeddd4d5af1baec66563d9f00149de563a0b70603458b0e22e49f2f4a6aede5a3a08dbdb58aa7d543beb1e9fe44999df741a585fd73758c06a3992e4b7937cbfe16a753475f582cc2fe57079e92cc0521d4d2c11c2aa6993fc605357bfdcd4d535a5c3d04f5357ef4d72bf241f299d05581a0d16ac9063497e39c9839bbafa44e930ecddc6855ecfcac6c54a81b5630f16ac884b933ca6a9ab8b4a0761184d5d5d97e467da59776992c796ce030cea70628910c6ee7d497ec870b59e9aba7a5692672639513a0b3098ebf76001e3733cc9d9491ed2d4d5174b8761799aba7a61929fcdc65fcac0ca73257718a97f48f2d8a6aede573a0807a3a9abd7b6b3eef2ccafc27f93d279807d718a1046e8c3999f12345c4d4c5357e727f9f749ae2c9d05d817a7086164da240f6aeaead2d24128a3a9ab3f4df26f333fd800ac267bb06044de99e4616ed04c53571f4bf22349bac25180bd712f4218893f4af2a88da3fb90a6ae2ecefc5a59ff6fe92c406f1a2c18819726794253574e9071031ba7471f98e4c2d259805eecc182c2ce6eeaeaa94d5db906125b6aeaeaaa243f9ee4eda5b3000bd36041414f6beaeaecd22118bfa6ae0e277974925795ce02ecaea92b0d1614727653572f291d82d5d1d4d5b1a6ae9e98e405a5b3003bba7ebb87010b0ed66b3457ec555357bf92e497e2d63a30563718b09c228483f1be24bf503a04abada9ab7393fc97b8b50e8cd191afbea3c18283f1f1cc2fc57064d747c22e9abafac3248f4c726de92cc00d582284037469e61711bdaa7410d6875bebc028dda0c1b24408cb7375e6c3d525a583b07e36dd5ae7f3a5b30049345870208e25797453571f2d1d84f5e5d63a302af660c101785e5357ef2e1d82f5d7d4d5df663e64fd45e92c30714e11c292fd5992e7950ec1743475f585cc970b5f533a0b4c98060b96e8aa248f6feaea58e9204c4b5357d73575f5b3497e319bfea2070e8c3d58b044ffada9ab8b4b8760ba9abafadd240f4ef285d25960629c22842579435357af2f1d029ababa28c9ff99e4c3a5b3c08468b06009fe2ec9ff5d3a047c5553579f4bf2c024ef291c05a6c21e2c18d8b1ccf75db99828a3d2d4d535497e22c9db4b678109708a1006f682a6ae3e583a046c65e3164dff35c965a5b3c09ad360c1803e9be4f9a543c04e9ababa3cc9b34ae7803567c082013db3a92b37dd6515bc2689a61596c7294218c8454d5dbda974085844535727323f887174b7c7027be214210ce07892a7950e017d6cdcbbf0bcd239604d59228401bca6a9ab8f940e017bf08224d7950e016bc82942d8a7ab923cbb7408d88ba6ae3e9fe455a573c01ad260c13e3d7fe3e6bab0aace89bd5830347bb0601fba24bf533a04ec4753579f49f2bad23960cd384508fb70cec6851b61d5fd56e68735806168b0608fae49f2c6d22160084d5d7d2ac95b4ae78035620f16ecd19b9bbafa72e9103020cbdd301ca708618fec5961ad3475354bf2c9d239604d68b0600f0ec76d46584faf2e1d00d6843d58b0077fded4958b33b28e5e97e458e910b0069c22843df840e900b00c4d5d5d9ae43da573c01ad060c11ebcbf740058a2d7940e006bc01e2cd883bf2a1d0096e81d492e2f1d02569c060b7abaa6a9ab2f960e01cbb271f1dcf34be78015a7c1829efeae740038006de900b0e23458d0d3c5a503c001785fe900b0e29c22849e0c58acbda6aefe3ec9a74ae78015a6c1829e0c584c85160bf6ce1e2ce8c980c554b8de1bec9d7b11424f062ca6e2b3a503c00ad360414f4e1132152e47027b670f16f4707953575f2e1d020e88010bf6ce2942e8e16f4b078083b2f162e2dad23960455922841eecbf626ab458b037062ce8c1fe2ba6e60ba503c08a728a107af87ce90070c03458b0371a2ce8e1aad201e0807da5740058514e11420f4e1032359e1b606f9c22841e34584ccd8d4a078015a5c1821e34584c8de706d81b7bb0a0070d1653e3b901f6c62942e8c180c5d418b0600f9abab244083d5822646aecc182fe8e6cfe8d010b767622c9d5a543c001f3dc00fd1dddfc1b4b84b0b3ab9bba3a5e3a041c300316f4a7c1821e2c0f32459e1ba0bf531a2c607b36b83345f660417fa734589608617b062ca6c88b6fe84f83053d5822648a3c37407ff660410f1a2ca6c87303f4e71421f4a0c1628aecc182fe3458d083068b29f2dc00fdd983053d18b098220d16f4a7c1821eae291d000ab07504fad360410faee2ce1469b0a03f0d16f470ac740028c07303f4e71421f460c0628a3458d09f060b7ab044c81479e10dfdd983053d1cddfd21b0763458d0dfe1cdbfb144083bb344c81479f10dfd69b0a007031653a4c182feecc1821eecc1628aac6c407f4e11420f1a2ca6488305fd69b0a007031653e4b901fab3070b7ab044c81469b0a0bf531a2c4b84b03d0d1653e47901fad360410f062ca6488305fdd983053d5822648a3c37407f4e11420f1a2ca6c88005fd69b0a007031653e4b901fab3070b7a306031459e1ba03fa708a1077bb0989476d61d8a010bf64283053d68b0989ad34b078015650f16f460c0626a6e5c3a00ac28a708a1074b844ccd19a503c08ad260410f1a2ca64683057b630f16f460c0626a3458b0374e11420f274a07800366c082bdd16001b02d0316ec8d3d58d0838697a93160c1de384508c0b66c7287bdd160410f5e8030351a2cd81b7bb000d896010bf64683053d68b0981a0316ec8d060b806dd983057b7378f36f0c58b0330d1653a3c182bd718a10806d19b0606fecc1821ebc00616a0c58b037f66001b02d0316ec8d7b11420f7e3e981a9bdc616f3458006c4b83057b630f16f4a0c1626a0c58b0374e1102b02d0316f477a2a9ab639b3fa0c10260330316f477f4e40f18b060671a5ea6c62677e8efc8c91fb04408c0661a2ce84f8305c08e0c58d0df960d16007c95010bfadbb2c1b24408dbf3f3c1d4d88305fd69b000d891060bfad360414f7e3e981a0316f4a7c1026047062ce8cf2942e84983c5d418b0a03fd7c102604736b9437f9608a1272f40981a0d16f4678910801d69b0a03f4b84d0939f0fa6e6f4d201600569b000d891060bfab3070b7ad2603135f660417f2e340ac08e0c58d0df290d96b57698fb7892b727b934c9159b3efed765e240319608a13f03166ce1994d5dbdb0740818892727b9c9c6fba725b97592db24b94b927bc5d612d8ca294b84062ca6eecd862bf89aa6aedeb1dde7da5977bb24ef4e72d3834b042bc1267738c979a503c0aa68eaeae2241795ce012364c0824d8e26f940e910b0623e543a008c905384b0c93f347575a274085831d7940e0023a4c1824d3e5f3a00aca0af940e0023e44aeeb0c9174a07801564c08253b917216c62c082feae2b1d00464883059b582284fe5ce91d4e650f166c7279e900b0825c030b4ee514216ce242bbd0df4d767f084c8e060b36f9bad201600569b0e054f660c126062ce8cf8005a7728a10363160417f9608e1541a2cd8c48005fd69b0e054f660c126062ce84f8305a7728a1036f14401fd69b0e0541a2cd8448305fd19b0e054f660c126062ce84ff30ba7728a10363160417f1a2c3895060b363160417f1a2c38953d58b0c9cd4b078015e4e7064ee514216c728bd20160057d73e90030421a2cd8c42b71e8a19d75374b7246e91c3042f660c12667b4b3ee1b4a878015a2bd82ad39450827b14c088b3360c1d62c11c2490c58b03803166ccd8005273160c1e26e5d3a008c94538470925b960e002b4483055bb3c91d4ee224212c4e83055b3360c1492c11c2e23458b0357bb0e024062c589c060bb6a6c18293d883058bd360c1a94e347575ece40f1ab0983a0d162cce8005a73aa5bd4a9c22845b950e00aba09d756726b969e91c3042a7ecbf4a345850950e002b427b055bdbb6c18229fb9676d67d63e910b0026c7087ad6ddb60592264eaee503a00ac80db950e0023a5c1826d18b060777e4e606bf660c1363c71c0eefc9cc0d69c22846ddcb174005801b72f1d0046ca12216cc32b73d89d9f13d89a2542d886270ed8413beb6e9dc4695bd89a2542d8c699edacbb4de91030629607617b1a2cd8c177970e0023a6e585edd983053bb85fe9003062062cd89e0b8dc20eeedbce3a2f38606b9608617b1a2cd8c13727a94b878091fa8ed20160c4ecc1825dfc70e9003036edac3b143745879d68b06017062c38d56d92dcb4740818310d16ece2dbdb597797d2216064ee563a008cdcb1ad3e68c0821bba7fe90030328f281d00464e83050b78443bebbebe7408188376d6dd2949533a078c9c3d58b0806f4ef2a8d22160247eb2740058011a2c58d063db5977f3d221a0a476d6dd32c9834ae78015a0c18205dd2cc9e34a8780c29e91e4ccd221600568b0a08747b6b3ee5b4a878012da59f703491e583a07ac080d16f470d3244f281d020e5a3bebce4cf26ba573c00ad160414f0f6b67dded4a878003f6e424df5a3a04ac100d16f4744692ff563a041c9476d6dd2d4e0e425f1a2cd883b3da59f73da543c0b2b5b3ee26499e9be450e92cb0625cc91df6e05092a7970e0107e04949ee503a04ac200d16ecd1ddda59f780d2216059da5977d7243f5d3a07ac287bb0601f7eae7400588676d61dcafcd4a0e703d81b0d16ecc35dda5957970e014b709f2477291d025698010bf6e9e1a503c0123cb6740058719608619fce6a67ddcd4a8780a16c9c90bd47e91cb0e23458b04f3749f2a3a543c0801e5a3a00ac010d160ce05ea503c080fe8fd201600d68b06000dfd7ce3a3f37acbc76d65549bead740e58031a2c18c0cd93fcb3d2216000f72c1d00d684060b06e289897560791086e156393090ef2d1d00f663e3e2a24de91cb026345830104b84acbaef4af24da543c09ab0070b06729b76d6dda27408d887ef2f1d00d688060b06e4d622ac32fb0861381a2c1890018b95d4ceba3392dcbd740e58231a2c1890018b555527f9fad221608d68b06040772e1d00f6c8f2200c4b830503baf3c651775835062c1896060b06746692db950e017db4b3ee2649fe65e91cb06634583030cb84ac9abb2639a374085833aee40e03fbaed201a0a77b940e006b48830503d360b16adce60986670f160ccca51a5819edacbb7192ef299d03d6cc89a6ae0c5830b0dbb7b3eeeb4a8780057d4f12ffbfc2b0b61cae120316ecc78d92dca974085890e541189e010b96c43221abc28005c3db72837b62c082fd3260317a1bf71fac4be78035a4c18225f9fed2016001ff22c94d4b878035a4c18225b94b3beb5cd19db1737b1c580e0d162cd17d4b07805d3ca0740058531a2c58220316a3d5ceba3b24f9a7a573c09adaf2363989010b86708f76d6ddac7408d8c68f940e006b4c83054b747a92fb940e01db3060c1f2d883054b668f0ba3d3ceba3bc7c57061993458b0643fdcceba7f5e3a049c447b05cba5c182253b94e4e9a543c0490c58b05c1a2c3800dfdbcebafb950e0149d2cebabb27a94ae78035a7c18203f2d48ddb924069bf583a004c80060b0ec81d923cbc7408a6ad9d750f4872d7d2396002345870809ed8ceba6f291d8269da68509f5c3a074c84060b0ed02d93bca89d75a7970ec2243d2cc9ed4b878089d060c101bb47b4081cb076d67d63922796ce011362c082021ed3ceba7f5d3a0493f2f824df543a044c88010b0a796e3bebee583a04ebaf9d75ff38c94f97ce0113630f161472669297b6b3eeccd241587b4f4a7293d2216062345850d0772639bb7408d6573bebbe2bc9bf2b9d0326488305859dd5cebac7960ec1da7a6afc7d0e2568b060049edcceba1f2a1d82f5d2ceba7b25b957e91c30511a2c1881d3929cd3cebabb940ec27a6867dd37247976e91c30611a2c188933939cd7ceba5b950ec25a7866926f2f1d02264c83052372db242f735368f663e37e833f563a074c9c060b46e66e499e533a04aba99d7555925f2f9d033060c1183dd8c942fa6a67dddd93bc35f37b5e0265592284917a723bebee5b3a042be505315cc15868b060a44e4bf2dbedacbb7de9208c5f3bebfe49926f2d9d03b89e060b46eccc24df513a042be1b6a5030037a0c18291dbf655106ce2f21e302e1a2c18b96d5f05c126062c18170d168c9c068b45dcba7400e006345830721a2c16f18da5030037a0c182913b5c3a002be1c6a5030037a0c18291d360b10803168c8b060b46ce1e2c1661c082713160c1c869b058841b84c3b818b060e434582c428305e3620f168c9c068b4518b0605c345830724e11b2084b84302e1a2c18390d168bd060c1b868b060e4ecc16211062c18170d168c9c068b4518b0605c34583062c79aba3a563a042bc11e2c18170d168cd8b5a503b0323458302e1a2c183103168b3260c1b868b060c40c582cca12218ccbb6db3b0c58509e018b45f93b1b46a4a92b0d168cd8574a076065b89c078cc78ea7bf0d58509e068b4519b0603c0c583072062c1665c082f1d8f1e7d18005e559226451062c180f0d168c9c068b4519b0603c34583072062c1675b87400e07a1a2c183903168bd260c17868b060e4ecc16251062c180f0d168cdc95a503b0320c58301e062c18b9bf2b1d809561c082f13060c1c85d5c3a002bc32677180f7bb060e40c582c6ac757ccc081d260c1881d497269e910ac0c0d168c87060b46ec334d5d1d2f1d8295610f168c87060b46ccf2207d68b0603c345830625de900ac147bb0603c345830626f2b1d8095a2c182f1d060c1485d9ce482d22158295f2c1d00b89e060b46e868929f6beaea44e920ac940b4b0700aea7c18291e992fc5453579e2ce9eb4371ef4a188b633b7dd28005cb7765923f4ef2f4246725b9575357ffb36c24565153574792fc7c92ab4a6701766eb04e3fa81430419f4cf26b49deee5a570ca5a9abd7b7b3eefdf9dac00e9461c082025e92e4979abadab14286bd68eaea73491ed3cebadf4bf2cc24772e1c09a6c826773860673775f534c315cbd6d4559be4be499e96f9523470706c728703f4d6a6aece2e1d82e968eaea6853572f4972cf246f289d072644830507e4d2cc3720c3816beaea8b4d5d3d2ec9f34a678189d060c101797653575f2a1d82696beaead793bca8740e98000d161c802f257963e910b0e1b949fea1740858731a2c3800af6aeaeabad22120499ababa2ac96b4be78035a7c182253b91e4f74a8780937cac74005873062c58b2f73475d5950e0127f978e900b0e60c58b064e7950e005bf862e900b0e6ecc18225fa4c9277950e015bb02710964b83054bf40ef71964a40c58b05c1a2c58a2b67400d886010b964b83054b723cc9fb4b8780ad6cdc0bf3aad239608d69b060493edad4d515a543c00e3e5f3a00ac310d162c89e541c6eed2d201608d69b060492e2c1d0076a1c182e5d160c1121c4b7251e910b00b0d162c8f060b96e02f37eef7066366c082e539b6d3270d58b037f65fb10a0c58b03c1a2c58020316abe003995f4e04189e3d5830b0a3493e583a04eca6a9abcf25796fe91cb0a6345830b0bf6aeaea9ad22160417f503a00ac290d160cec4f4b07801ede9a64563a04ac210d160ccc80c5ca68eaea4492a72639513a0bac190d160cccfe2b564a53577f91e4b5a573c09ad160c180feb6a92b47df5945cf4ef295d221608d68b06040960759491b2f0c5e583a07ac110d160cc880c52a7b61dc9f1086a2c18201d97fc5ca6aeaeaea24cf2b9d03d684010b06f2a5249f281d02f6e94d717577d8af631b2774b765c082c5bd7fb71f2818bba6ae2e8beb62c17eedd85e25062ce8e39da503c040fcbf0cfbb3e306f7c480058b3a9ee45da543c0402e281d00569c060b06f2e74d5d7db1740818c847935c5d3a04ac300d160ce41da503c0509aba3a9ae4bda573c00ad360c1008ec780c5faf9852497940e012b4a8305fbf4f124673575e5f20cac95a6aefe21c923935c513a0bac200d16ecd19124bf91e47e4d5d7da874185886a6ae3e9ce47b93bc340b3c6100d7dbb5c13afd2052c00a399af911f65f6feaeaaf4b8781656beaea4b499edaceba1725a993dc69e3ed3b93dc21c91905e3c1581ddbed01062c98fbfb24af4cf2caa6aefebe741838684d5d7d36c967377fac9d75374a72dbcc07aefb26f9d7496e76f0e960743458b0831349de97e4e549cedf3859056c68eaea58926ee3ed9dedacfbc524f74bf2ef92dc3bc98d8a8583b2767dbe306031459727794d92573475d515ce022ba3a9abeb32bf97e19bda59f7bf257978921f4ff2cd4583c1c1d360c186e3995ff7e7d549deded4d5ae3f1cc0f69ababa24c9afb5b3ee3793fc70929f4c728fa2a1e0e068b098bc8b336fab5eb3f184000c68e3c5ca575bad3b277944e64b88df5034182c97068b49ba36c9db92bc2ac9854d5d9d289c0726a1a9ab8f2779723beb7e25c90393fc44923b974d054ba1c162523e9cf950f5c6a6aeae2c1d06a6aaa9ab2f677e78e4e5edacbb7be6add60392dcb86830188e068bb5775992d725797553571f2b1d06b8a1a6ae2e4a72513beb9e92e4c1491e96e43bcaa6827dd360b1968e27f95f99b755efb0611dc6afa9abcb939c9be4dc76d67d5fe62710ef1f1732653569b0582b5de61bd65fdbd4d5e70a6701f6a8a9ab0b935cd8ceba5b25f9b1240f4d72fbb2a9a0170d162befda246fc9fcf20aefb7611dd6c7c60da7cf6967dd0b9334491e95e487921c2a1a0c7667c06265fd45beb661fdaad26180e5d978e17441920bda59f71d49fe63920725f9baa2c1607b960859295764be61fd9536acc3343575f537497ea19d75bf96f9c54bff43926f2a1a0a4ea5c16225bc3ff31b2dbf75e3561cc0c46d2c1f9eddcebadfcefcf4e17f8c7d5a8c87068bd1fa42923fccbcadfa74e930c0383575756d9257b4b3eef793dc37c97f4a72b7b2a94083c5b85c99e4dd49de9ce47c97570016d5d4d5f1247f9ce48fdb595727794ce6f7403cad6830a64a8345719f48727e927725f9605357bb4efd003b69ea6a96e4a7db59572579749287c486780e96068b22ae4ef28624bfd7d4d5474a8701d65353575de6f73e7c5ee67bb41e91e4cca2a1980a0d1607eaa3497e2fc9eb37ee4506b0744d5d7d3ec933db59f782ccafa5f5c824372b9b8a35a7c162e9ae4bf2c624af68eaeacf4b8701a66be3763ccf6967dd8b32bfbcc34f27b955d954ac290d164b734592f392bcb4a9ab2f16ce0270bd8d8b13fff776d6fd4ee6f73cfc4f496e5336156be6d86e0f3060d1d76793bc38c91f34757575e93000db69eaea2b495edccebaf392fcfb248f4b72dba2a158171a2c06f3b124e724f91f4e0202aba4a9abc3995f4beb0f92fc5f499e10172d657fecc162dfda24e73475f5eed24100f663e3c5e16bdb59f7fa240f4df2c424b72e9b8a15a5c1624f8e27796be683d5874b870118d2c6a0f5f276d6bd2ef3fd598f4972d3b2a958311a2c7ab92ec9ab939cbb717d1980b5b5713999e7b4b3ee15497e3ec98f25b951d954ac080d160bb922c9ef2679991381c0d43475756992ffba71eaf02949ee533812e3a7c162479725795192f35c181498baa6aefebf240f6f67dddd93fc4c921f281c89f1d260b1a52f643e58bdbca9ab6b4a87011893a6ae2e4a72513bebee92f9a51dce8ae74b6e4883c50d5c9ae4b793fc7e5357d7960e0330664d5d7d2cc9e3db59f7eccc37c23f2436c333a7c1224972499217647e71d0c3a5c300ac92a6ae3e93e429edacfbcd243fb5f1768bb2a9284c8335711727499f49b10000092449444154f9ad24af6dea6ad7691b80ed3575755992df6867dd6f25b96f920726b97792338a06a30403d64475499e9fe475aeba0e30aca6aeae4bf2e6246f6e67dd2d93fc9bcc87adbb263954321b07c612e1c47c32f3c1ea8d4d5ded7a234a00f6a7a9abcb93bc22f35bf1dc2ec9bfcd7cd8ba63d1602c9b066b223e9ee47949ded2d4d5f1d26100a6a8a9ab8b337f91fbfc76d6fdf3ccef7bf8a349bea56830964183b5e63e9af960f5b6a6ae4e940e03c05c53577f99e42fdb59f7cc24f7cc7cd8ba7f92338b066328bb3658872ef8b34f5f72104918d487933cb7a9ab77960e02c062da59f7f5990f590f4ad22439ad6c22f6e15f6edc01605b1aacd532cb7cb0fa93d24100e867e3c2ce7f94e48fda59f78f32dfabf5a024772a1a8cbdd060ad898b92fc665357ef2b1d0480616decd77a50e6fbb56e55380e8bb973535757eef40003d6b85d90e4794d5d5d583a0800cbd5cebad333bfaed68332bfced68dcb26620777dced56739608c7e93d992f057eb07410000ec6c6750bcf4f727e3beb6e96e447923c38495d34185bd9f514a1066b5cfe67e683d59f970e02c038b4b3ee6e491e9fe407e342a663f16dbb5d16c98055de8924efc87cb0fa48e930008c533bebee9ce4b199efd5b20255cef1a6aebe6db70719b0ca399ee4ad99efb1fa58e93000ac8676d67d5b92c7247948929b168e3345879bbaaa767b9001ebe01d4ff23f923cbfa9abbf2e1d0680d5d4ceba6f4af2531b6fb7281c674aae6eeaea3b777b9001ebe01c4bf2facc07ab4f950e03c07ad8b880e9c393fce724b72c1c670aae68eaea2ebb3dc81aeec1787b925f6deaea93a58300b05e362e17706e3beb5e95e409491e19977858a65d4f102606ac65fb40925f6eea6a563a0800eb6de3c297cf6c67ddcb933c39c9598523adab5dafe29e18b096e563497ea5a9ab77950e02c0b43475757192c7b4b3eec5499e96e47f2f1c69dd2cd460b9d1e4b03e93793dfb43862b004a6aeaea434d5dfd68e6172c7d4be67b81d93f0dd601ba3cc9f3939cd7d4d5e1d26100e0ab36ee0af2c176d67d6b92ff90e4a1496e5e36d54ab307eb007c25c98b939cd3d4d555a5c300c0769abafa6c9267b5b3ee3949ee9fe4c7937c5f5c1dbe2f0dd6121d4bf20749ce6eeaeaf3a5c300c0a29ababa2ec91b92bca19d7555924724f9c9243729186b9518b096e4a2244f69eaeaa3a58300c07e3475d52579463bebce4df273995f1dde6cb0334b8403fbfb24cf68eaea8da58300c0909ababa34c993da59f7a2244f4af26f62e9703b0b35584e11eeee7092df4a724fc31500ebaca9ab4f3775f598cc6f28dd158e33562ed33080f393fcaba6ae7e75e34ab900b0f6364e1ede27c9cb929c281c676cecc1da874f25795a53577f523a080094d0d4d557923ca59d756f4bf2dc24b72d1c692c34587b7075926725b9b7e10a0092a6ae2e4cf203497ebf749691d060f5f496244fddd8e807006c68eaeaea24bfb0d1669d9de41f178e5492066b415f48f2a8a6ae1e6db80280ed3575f59e24f74ef2dac2514a728a70017f98e45e4d5dbdad74100058054d5d5dd9d4d57f49f21349a678b16d0dd60e2e49f2b0a6ae9ed0d4d5974a87018055d3d4d5f999efcdfad3d2590e98066b0b2792bc22f34b2fd8c40e00fbd0d4d565491e9cf9ad77a6c226f79374499ed8d4d5fb4b07018075d1d4d5e1248f6b67dda733bfddcebad3606df2d2243f60b80280e568eaea3792fce72cb8476985b91761e6d7b57a6253576f2a1d0400d65d53577fd4cebacf647e05f85b94ceb324936fb03e99e4fe862b0038384d5d7d20c903b2bef7329cf429c2b7643e5c7da2741000989aa6ae3e9df9907551e92c4b30c906eb6892676c5c34f4cba5c300c05435757579e6270c5f5f3acbc026d7605d9ee4c79aba7a51e9200040d2d4d591243f93e475a5b30c68520dd6d5491eea9420008c4b53572792fc6c927795ce3290c9345847923cb2a9abbf281d04003855535747933c3ac9ac7496014ca2c13a9ee4679aba7a6fe92000c0f69abafa4a928765f54f174ea2c17aaacb3000c06a68eaea8acc970b4f94ceb20fc71679d02a0f58cf6deaea774b87000016d7d4d54549ce2b9d631fd6bac17a6b5357cf291d0200d8935f49f2b9d221f6686df7605d9ae4e74b870000f6a6a9abab93bcb0748e3d5acb06eb4492273475f5a5d24100807d7965e6d7b05c356bd960bdc4894100587d1ba70a5f563ac71eac5d83f5f124bf5c3a040030989726b9a674889ed6aac13a9ce4714d5d1d2e1d040018c6c6969f5796ced1d35a3558bfdad4d5c74a87000006776e161c5a46626d1aac8f247971e91000c0f09ababa24c9eb4be7e8616d1aaca76fdc281200584fe76475aeeebe160dd6db9abafa40e91000c0f23475f58924ef289d63412b3f601d49f2acd221008003f182d20116b4f24b842f69eaaa2b1d020058bea6ae3e94e4c2d23916b0d20dd665499e5f3a040070a056e1f6392bdd603db7a9ab2b4b8700000ed4bb935c523ac42e56b6c13a96e40da543000007aba9abe3495e5d3ac72e56b6c1baa8a9abcb4a8700008a784dc67dc986956db0de5e3a0000504653577f97e482d23976b0b20d96010b00a66dcccb842bd9601d4e728776d69d5e3a080050ccfb4b07d8c6f18d7d62bb3a74c19f7d7a8cbbf5af4ed225b922c9959b7eddfcfeb5277dcd897c6dcd76a75fb7fb5cdfefb3dd63b3cb6316cdb2e8d76df5fe225977fb33f4cdbddd3f7b3fb9fbfc1976cced764b00aba59d759f4cf2f5a5739ce4485357dfbec803c7da149d99e49f960ec1fa6867dde6df1ee490d8e77b6c97afc4703bc4f738a81716db7ded58736ff77d4e6cf39845ff5c3b7d9f9dbe66bbefb3dbf71ee26bc6966fa7ff3ff6f33543e44be6ab4e87f2b5d5a7d34efad86e9f3bb4e9f75b7daeeff7daeaf1437deec619df7095240bb557c978072c58a6affe2003401f27767fc8dcd8f66001008c95010b006060062c00808119b000000666c0020028c5800500b0180d1600c0c00c580000a518b0000016a3c102001898010b006060062c00808119b000004a316001002c66e106ebf4246f3ae96387b6787fd15fb7fb58dfaf59e49fd3f76bfb7cdfa1ff1d2cfbfb2ff2cf5df77fc7bb7daf9dbe060016b1f08075e8c489851f0b6ba99d7587b2f560b6d5f0b6d3e376fad8c99f1ff27b2cfab1adbe47dfef97051fb7972cabfae7e9f3e718e27b8ce9cfb3eeff6dfb6419facfb3c8e777fafd417dcd765fbfae5ff3c5a6aefe4516f0ff03d843ced634c52f060000000049454e44ae426082, '', '', '', '', '', '', '', -1, -1, 0, '2018-04-09 01:35:54', NULL),
(6, 'José', 'Pérez', 'Carreño', NULL, 'Peñaflor', 'Metropolitana', 'Chile', 'jose.perez@usach.cl', '+56912345678', 'josé.pérez', '*A28D6A233B76FC581A8E711B8966883C91C97612', 0, 5, 1, '2018-04-09 22:17:37', '127.0.0.1'),
(7, 'Pedro', 'Pérez', 'Cotapo', NULL, 'Santiago', 'Metropolitana', 'Chile', 'pedro.perez@usach.cl', '+56912345678', 'pedro.pérez', '*A28D6A233B76FC581A8E711B8966883C91C97612', 0, 5, 1, '2018-04-09 22:17:37', NULL),
(8, 'Bruce', 'Wayne', 'Pérez', NULL, 'Santiago', 'Metropolitana', 'Chile', 'bruce.wayne@gmail.com', '+56912345678', 'bruce.wayne', '*A28D6A233B76FC581A8E711B8966883C91C97612', 0, 5, 1, '2018-04-09 22:17:37', '127.0.0.1'),
(9, 'Nicolás', 'Massú', 'Fried', NULL, 'Santiago', 'Metropolitana', 'Chile', 'nico@icloud.com', '+56912345678', 'nicolás.massú', '*A28D6A233B76FC581A8E711B8966883C91C97612', 0, 5, 1, '2018-04-09 22:17:37', NULL),
(10, 'Tonny', 'Mazzaro', 'O\'Really', NULL, 'Rancagua', 'VI', 'Chile', 'tonny@udechile.cl', '+56912345678', 'tonny.mazzaro', '*A28D6A233B76FC581A8E711B8966883C91C97612', 0, 5, 1, '2018-04-09 22:17:37', NULL),
(11, 'Catalina', 'Ortiz', 'Ugálde', NULL, 'Santiago', 'Metropolitana', 'Chile', 'catalina.ortiz@usach.cl', '+56912345678', 'catalina.ortiz', '*A28D6A233B76FC581A8E711B8966883C91C97612', 0, 5, 1, '2018-04-09 22:17:37', NULL),
(12, 'Rocío', 'Llantén', 'Figueroa', NULL, 'Santiago', 'Metropolitana', 'Chile', 'rocio.llanten@usach.cl', '+56912345678', 'rocio.llanten', '*A28D6A233B76FC581A8E711B8966883C91C97612', 0, 5, 1, '2018-04-09 22:17:37', NULL);

--
-- Disparadores `USER`
--
DELIMITER $$
CREATE TRIGGER `bf_delete_user` BEFORE DELETE ON `USER` FOR EACH ROW INSERT INTO `AUDIT_USER`(`ID_USER_OLD`, `ID_USER_NEW`, `NAME_USER_OLD`, `NAME_USER_NEW`, `LASTNAME1_USER_OLD`, `LASTNAME1_USER_NEW`, `LASTNAME2_USER_OLD`, `LASTNAME2_USER_NEW`, `PIC_USER_OLD`, `PIC_USER_NEW`, `CITY_USER_OLD`, `CITY_USER_NEW`, `STATE_USER_OLD`, `STATE_USER_NEW`, `COUNTRY_USER_OLD`, `COUNTRY_USER_NEW`, `EMAIL_USER_OLD`, `EMAIL_USER_NEW`, `PHONE_USER_OLD`, `PHONE_USER_NEW`, `USERNAME_USER_OLD`, `USERNAME_USER_NEW`, `USERPASS_USER_OLD`, `USERPASS_USER_NEW`, `ADMIN_USER_OLD`, `ADMIN_USER_NEW`, `STATUS_USER_OLD`, `STATUS_USER_NEW`, `LAST_CONNECTION_USER_OLD`, `LAST_CONNECTION_USER_NEW`, `IP_LAST_CONNECTION_USER_OLD`, `IP_LAST_CONNECTION_USER_NEW`, `TYPE_AUDIT_USER`) VALUES (old.ID_USER, '', old.NAME_USER, '', old.LASTNAME1_USER, '', old.LASTNAME2_USER, '', old.PIC_USER, '', old.CITY_USER, '', old.STATE_USER, '', old.COUNTRY_USER, '', old.EMAIL_USER, '', old.PHONE_USER, '', old.USERNAME_USER, '', old.USERPASS_USER, '', old.ADMIN_USER, '', old.STATUS_USER, '', old.LAST_CONNECTION_USER, '', old.IP_LAST_CONNECTION_USER, '','DELETE')
$$
DELIMITER ;
DELIMITER $$
CREATE TRIGGER `bf_insert_user` BEFORE INSERT ON `USER` FOR EACH ROW INSERT INTO `AUDIT_USER`(`ID_USER_OLD`, `ID_USER_NEW`, `NAME_USER_OLD`, `NAME_USER_NEW`, `LASTNAME1_USER_OLD`, `LASTNAME1_USER_NEW`, `LASTNAME2_USER_OLD`, `LASTNAME2_USER_NEW`, `PIC_USER_OLD`, `PIC_USER_NEW`, `CITY_USER_OLD`, `CITY_USER_NEW`, `STATE_USER_OLD`, `STATE_USER_NEW`, `COUNTRY_USER_OLD`, `COUNTRY_USER_NEW`, `EMAIL_USER_OLD`, `EMAIL_USER_NEW`, `PHONE_USER_OLD`, `PHONE_USER_NEW`, `USERNAME_USER_OLD`, `USERNAME_USER_NEW`, `USERPASS_USER_OLD`, `USERPASS_USER_NEW`, `ADMIN_USER_OLD`, `ADMIN_USER_NEW`, `STATUS_USER_OLD`, `STATUS_USER_NEW`, `LAST_CONNECTION_USER_OLD`, `LAST_CONNECTION_USER_NEW`, `IP_LAST_CONNECTION_USER_OLD`, `IP_LAST_CONNECTION_USER_NEW`, `TYPE_AUDIT_USER`) VALUES ('', new.ID_USER, '', new.NAME_USER, '', new.LASTNAME1_USER, '', new.LASTNAME2_USER, '', new.PIC_USER, '', new.CITY_USER, '', new.STATE_USER, '', new.COUNTRY_USER, '', new.EMAIL_USER, '', new.PHONE_USER, '', new.USERNAME_USER, '', new.USERPASS_USER, '', new.ADMIN_USER, '', new.STATUS_USER, '', new.LAST_CONNECTION_USER, '', new.IP_LAST_CONNECTION_USER,'INSERT')
$$
DELIMITER ;
DELIMITER $$
CREATE TRIGGER `bf_update_user` BEFORE UPDATE ON `USER` FOR EACH ROW INSERT INTO `AUDIT_USER`(`ID_USER_OLD`, `ID_USER_NEW`, `NAME_USER_OLD`, `NAME_USER_NEW`, `LASTNAME1_USER_OLD`, `LASTNAME1_USER_NEW`, `LASTNAME2_USER_OLD`, `LASTNAME2_USER_NEW`, `PIC_USER_OLD`, `PIC_USER_NEW`, `CITY_USER_OLD`, `CITY_USER_NEW`, `STATE_USER_OLD`, `STATE_USER_NEW`, `COUNTRY_USER_OLD`, `COUNTRY_USER_NEW`, `EMAIL_USER_OLD`, `EMAIL_USER_NEW`, `PHONE_USER_OLD`, `PHONE_USER_NEW`, `USERNAME_USER_OLD`, `USERNAME_USER_NEW`, `USERPASS_USER_OLD`, `USERPASS_USER_NEW`, `ADMIN_USER_OLD`, `ADMIN_USER_NEW`, `STATUS_USER_OLD`, `STATUS_USER_NEW`, `LAST_CONNECTION_USER_OLD`, `LAST_CONNECTION_USER_NEW`, `IP_LAST_CONNECTION_USER_OLD`, `IP_LAST_CONNECTION_USER_NEW`, `TYPE_AUDIT_USER`) VALUES (old.ID_USER, new.ID_USER, old.NAME_USER, new.NAME_USER, old.LASTNAME1_USER, new.LASTNAME1_USER, old.LASTNAME2_USER, new.LASTNAME2_USER, old.PIC_USER, new.PIC_USER, old.CITY_USER, new.CITY_USER, old.STATE_USER, new.STATE_USER, old.COUNTRY_USER, new.COUNTRY_USER, old.EMAIL_USER, new.EMAIL_USER, old.PHONE_USER, new.PHONE_USER, old.USERNAME_USER, new.USERNAME_USER, old.USERPASS_USER, new.USERPASS_USER, old.ADMIN_USER, new.ADMIN_USER, old.STATUS_USER, new.STATUS_USER, old.LAST_CONNECTION_USER, new.LAST_CONNECTION_USER, old.IP_LAST_CONNECTION_USER, new.IP_LAST_CONNECTION_USER,'UPDATE')
$$
DELIMITER ;

-- --------------------------------------------------------

--
-- Estructura de tabla para la tabla `USER_CREATE_MISSION`
--

CREATE TABLE `USER_CREATE_MISSION` (
  `ID_UCM` int(11) NOT NULL,
  `ID_USER` int(11) NOT NULL,
  `ID_MISSION` int(11) NOT NULL
) ENGINE=InnoDB DEFAULT CHARSET=latin1;

--
-- Volcado de datos para la tabla `USER_CREATE_MISSION`
--

INSERT INTO `USER_CREATE_MISSION` (`ID_UCM`, `ID_USER`, `ID_MISSION`) VALUES
(1, 1, 4),
(2, 1, 5),
(3, 1, 6);

-- --------------------------------------------------------

--
-- Estructura de tabla para la tabla `USER_PARTICIPATE_MISSION`
--

CREATE TABLE `USER_PARTICIPATE_MISSION` (
  `ID_UPM` int(11) NOT NULL,
  `ID_USER` int(11) NOT NULL,
  `ID_MISSION` int(11) NOT NULL
) ENGINE=InnoDB DEFAULT CHARSET=latin1;

--
-- Volcado de datos para la tabla `USER_PARTICIPATE_MISSION`
--

INSERT INTO `USER_PARTICIPATE_MISSION` (`ID_UPM`, `ID_USER`, `ID_MISSION`) VALUES
(1, 8, 4),
(2, 6, 4);

-- --------------------------------------------------------

--
-- Estructura de tabla para la tabla `USER_REGISTER_PHONE`
--

CREATE TABLE `USER_REGISTER_PHONE` (
  `ID_URP` int(11) NOT NULL,
  `ID_USER` int(11) NOT NULL,
  `ID_PHONE` int(11) NOT NULL
) ENGINE=InnoDB DEFAULT CHARSET=latin1;

--
-- Volcado de datos para la tabla `USER_REGISTER_PHONE`
--

INSERT INTO `USER_REGISTER_PHONE` (`ID_URP`, `ID_USER`, `ID_PHONE`) VALUES
(1, 9, 15),
(4, 6, 18),
(5, 9, 19),
(6, 6, 20),
(7, 11, 21);

--
-- Índices para tablas volcadas
--

--
-- Indices de la tabla `AUDIT_USER`
--
ALTER TABLE `AUDIT_USER`
  ADD PRIMARY KEY (`ID_AUDIT_USER`),
  ADD UNIQUE KEY `ID_AUDIT_USER` (`ID_AUDIT_USER`);

--
-- Indices de la tabla `communes`
--
ALTER TABLE `communes`
  ADD PRIMARY KEY (`id`),
  ADD KEY `communes_regions` (`region_id`);

--
-- Indices de la tabla `MAP`
--
ALTER TABLE `MAP`
  ADD PRIMARY KEY (`ID_MAP`);

--
-- Indices de la tabla `MISSION`
--
ALTER TABLE `MISSION`
  ADD PRIMARY KEY (`ID_MISSION`),
  ADD UNIQUE KEY `NAME_MISSION` (`NAME_MISSION`);

--
-- Indices de la tabla `PHONE`
--
ALTER TABLE `PHONE`
  ADD PRIMARY KEY (`ID_PHONE`),
  ADD UNIQUE KEY `IMEI_PHONE` (`IMEI_PHONE`);

--
-- Indices de la tabla `PHONE_HAS_TOKEN`
--
ALTER TABLE `PHONE_HAS_TOKEN`
  ADD PRIMARY KEY (`ID_PHT`),
  ADD UNIQUE KEY `ID_PHT` (`ID_PHT`);

--
-- Indices de la tabla `regions`
--
ALTER TABLE `regions`
  ADD PRIMARY KEY (`id`);

--
-- Indices de la tabla `TOKENIZER`
--
ALTER TABLE `TOKENIZER`
  ADD PRIMARY KEY (`ID_TOKEN`),
  ADD UNIQUE KEY `TOKEN` (`TOKEN`);

--
-- Indices de la tabla `UAV`
--
ALTER TABLE `UAV`
  ADD PRIMARY KEY (`ID_UAV`),
  ADD UNIQUE KEY `ID_USER` (`ID_PHONE`);

--
-- Indices de la tabla `USER`
--
ALTER TABLE `USER`
  ADD PRIMARY KEY (`ID_USER`),
  ADD UNIQUE KEY `USERNAME_USER` (`USERNAME_USER`),
  ADD UNIQUE KEY `ID_USER` (`ID_USER`);

--
-- Indices de la tabla `USER_CREATE_MISSION`
--
ALTER TABLE `USER_CREATE_MISSION`
  ADD PRIMARY KEY (`ID_UCM`);

--
-- Indices de la tabla `USER_PARTICIPATE_MISSION`
--
ALTER TABLE `USER_PARTICIPATE_MISSION`
  ADD PRIMARY KEY (`ID_UPM`);

--
-- Indices de la tabla `USER_REGISTER_PHONE`
--
ALTER TABLE `USER_REGISTER_PHONE`
  ADD PRIMARY KEY (`ID_URP`);

--
-- AUTO_INCREMENT de las tablas volcadas
--

--
-- AUTO_INCREMENT de la tabla `AUDIT_USER`
--
ALTER TABLE `AUDIT_USER`
  MODIFY `ID_AUDIT_USER` int(11) NOT NULL AUTO_INCREMENT, AUTO_INCREMENT=339;
--
-- AUTO_INCREMENT de la tabla `communes`
--
ALTER TABLE `communes`
  MODIFY `id` int(11) UNSIGNED NOT NULL AUTO_INCREMENT, AUTO_INCREMENT=347;
--
-- AUTO_INCREMENT de la tabla `MAP`
--
ALTER TABLE `MAP`
  MODIFY `ID_MAP` int(11) NOT NULL AUTO_INCREMENT, AUTO_INCREMENT=3;
--
-- AUTO_INCREMENT de la tabla `MISSION`
--
ALTER TABLE `MISSION`
  MODIFY `ID_MISSION` int(11) NOT NULL AUTO_INCREMENT, AUTO_INCREMENT=7;
--
-- AUTO_INCREMENT de la tabla `PHONE`
--
ALTER TABLE `PHONE`
  MODIFY `ID_PHONE` int(11) NOT NULL AUTO_INCREMENT, AUTO_INCREMENT=22;
--
-- AUTO_INCREMENT de la tabla `PHONE_HAS_TOKEN`
--
ALTER TABLE `PHONE_HAS_TOKEN`
  MODIFY `ID_PHT` int(11) NOT NULL AUTO_INCREMENT, AUTO_INCREMENT=6;
--
-- AUTO_INCREMENT de la tabla `regions`
--
ALTER TABLE `regions`
  MODIFY `id` int(11) UNSIGNED NOT NULL AUTO_INCREMENT, AUTO_INCREMENT=16;
--
-- AUTO_INCREMENT de la tabla `TOKENIZER`
--
ALTER TABLE `TOKENIZER`
  MODIFY `ID_TOKEN` int(11) NOT NULL AUTO_INCREMENT, AUTO_INCREMENT=19;
--
-- AUTO_INCREMENT de la tabla `UAV`
--
ALTER TABLE `UAV`
  MODIFY `ID_UAV` int(11) NOT NULL AUTO_INCREMENT;
--
-- AUTO_INCREMENT de la tabla `USER`
--
ALTER TABLE `USER`
  MODIFY `ID_USER` int(11) NOT NULL AUTO_INCREMENT, AUTO_INCREMENT=13;
--
-- AUTO_INCREMENT de la tabla `USER_CREATE_MISSION`
--
ALTER TABLE `USER_CREATE_MISSION`
  MODIFY `ID_UCM` int(11) NOT NULL AUTO_INCREMENT, AUTO_INCREMENT=4;
--
-- AUTO_INCREMENT de la tabla `USER_PARTICIPATE_MISSION`
--
ALTER TABLE `USER_PARTICIPATE_MISSION`
  MODIFY `ID_UPM` int(11) NOT NULL AUTO_INCREMENT, AUTO_INCREMENT=3;
--
-- AUTO_INCREMENT de la tabla `USER_REGISTER_PHONE`
--
ALTER TABLE `USER_REGISTER_PHONE`
  MODIFY `ID_URP` int(11) NOT NULL AUTO_INCREMENT, AUTO_INCREMENT=8;
--
-- Restricciones para tablas volcadas
--

--
-- Filtros para la tabla `communes`
--
ALTER TABLE `communes`
  ADD CONSTRAINT `communes_regions` FOREIGN KEY (`region_id`) REFERENCES `regions` (`id`);
COMMIT;

/*!40101 SET CHARACTER_SET_CLIENT=@OLD_CHARACTER_SET_CLIENT */;
/*!40101 SET CHARACTER_SET_RESULTS=@OLD_CHARACTER_SET_RESULTS */;
/*!40101 SET COLLATION_CONNECTION=@OLD_COLLATION_CONNECTION */;
